,Year,Country,Energy type,Production (GWh)
0,2000,USA,Solar Energy,437.0861069626262
1,2001,USA,Solar Energy,240.41677639819287
2,2002,USA,Solar Energy,641.0035105688879
3,2003,USA,Solar Energy,849.1983767203795
4,2004,USA,Solar Energy,373.8180186635839
5,2005,USA,Solar Energy,650.6676052501415
6,2006,USA,Solar Energy,510.4629857953323
7,2007,USA,Solar Energy,633.1731119758382
8,2008,USA,Solar Energy,158.54643368675156
9,2009,USA,Solar Energy,374.1523922560336
10,2010,USA,Solar Energy,209.83441136030092
11,2011,USA,Solar Energy,332.9019834400152
12,2012,USA,Solar Energy,592.0392514089517
13,2013,USA,Solar Energy,945.5490474077702
14,2014,USA,Solar Energy,179.64325184672754
15,2015,USA,Solar Energy,449.8095607205338
16,2016,USA,Solar Energy,352.84105871864267
17,2017,USA,Solar Energy,167.09557931179376
18,2018,USA,Solar Energy,104.96990541124217
19,2019,USA,Solar Energy,794.1433120173511
20,2020,USA,Solar Energy,876.7930832880342
21,2021,USA,Solar Energy,379.884089544096
22,2022,USA,Solar Energy,898.4914683186939
23,2023,USA,Solar Energy,784.7065437552077
24,2000,China,Solar Energy,570.4595464437946
25,2001,China,Solar Energy,128.28626711806083
26,2002,China,Solar Energy,916.8098265334836
27,2003,China,Solar Energy,305.9183489424602
28,2004,China,Solar Energy,936.7278871083156
29,2005,China,Solar Energy,823.304869209203
30,2006,China,Solar Energy,826.6961396476563
31,2007,China,Solar Energy,305.1416462877475
32,2008,China,Solar Energy,106.25691747807164
33,2009,China,Solar Energy,207.87883060031453
34,2010,China,Solar Energy,566.9115595690295
35,2011,China,Solar Energy,966.2025654479002
36,2012,China,Solar Energy,356.35644493972086
37,2013,China,Solar Energy,146.33087612499045
38,2014,China,Solar Energy,230.4053848821008
39,2015,China,Solar Energy,704.9219926652906
40,2016,China,Solar Energy,431.0048194473279
41,2017,China,Solar Energy,181.26079304896743
42,2018,China,Solar Energy,136.6976273992875
43,2019,China,Solar Energy,560.8837524693529
44,2020,China,Solar Energy,721.8439642922193
45,2021,China,Solar Energy,406.95971594523263
46,2022,China,Solar Energy,332.14746494364005
47,2023,China,Solar Energy,576.6855205204058
48,2000,India,Solar Energy,910.3762514469976
49,2001,India,Solar Energy,753.3601109832155
50,2002,India,Solar Energy,677.828481538859
51,2003,India,Solar Energy,645.7861536936309
52,2004,India,Solar Energy,104.5554254615968
53,2005,India,Solar Energy,686.7651335523404
54,2006,India,Solar Energy,392.859728343341
55,2007,India,Solar Energy,691.851603070309
56,2008,India,Solar Energy,338.6821309135529
57,2009,India,Solar Energy,902.841899659402
58,2010,India,Solar Energy,619.2134961637232
59,2011,India,Solar Energy,352.6951261967702
60,2012,India,Solar Energy,946.4127259176228
61,2013,India,Solar Energy,113.91095487598068
62,2014,India,Solar Energy,967.2579793803276
63,2015,India,Solar Energy,866.0230043651712
64,2016,India,Solar Energy,942.5392967447028
65,2017,India,Solar Energy,653.5065040292527
66,2018,India,Solar Energy,889.6357647351599
67,2019,India,Solar Energy,423.54203609777966
68,2020,India,Solar Energy,880.3650867220933
69,2021,India,Solar Energy,818.4656610700977
70,2022,India,Solar Energy,901.0048076358096
71,2023,India,Solar Energy,620.4521268965566
72,2000,Germany,Solar Energy,357.88712691545595
73,2001,Germany,Solar Energy,840.3405045936925
74,2002,Germany,Solar Energy,792.9941977887497
75,2003,Germany,Solar Energy,146.5135490517469
76,2004,Germany,Solar Energy,753.4822003503954
77,2005,Germany,Solar Energy,815.6675752918333
78,2006,Germany,Solar Energy,122.81566907391176
79,2007,Germany,Solar Energy,468.0576499728429
80,2008,Germany,Solar Energy,594.3039982355084
81,2009,Germany,Solar Energy,959.3787525968748
82,2010,Germany,Solar Energy,477.6400561850109
83,2011,Germany,Solar Energy,112.95413976678029
84,2012,Germany,Solar Energy,869.9145256099065
85,2013,Germany,Solar Energy,542.4542876051491
86,2014,Germany,Solar Energy,458.6542609576361
87,2015,Germany,Solar Energy,437.15135316382407
88,2016,Germany,Solar Energy,692.8242684570505
89,2017,Germany,Solar Energy,123.86017948745965
90,2018,Germany,Solar Energy,449.3529335858697
91,2019,Germany,Solar Energy,947.3183278988728
92,2020,Germany,Solar Energy,276.2120213103668
93,2021,Germany,Solar Energy,184.99866468033557
94,2022,Germany,Solar Energy,860.3877798725091
95,2023,Germany,Solar Energy,206.34834485949065
96,2000,UK,Solar Energy,761.5639394234972
97,2001,UK,Solar Energy,775.5532764767725
98,2002,UK,Solar Energy,434.81627721350486
99,2003,UK,Solar Energy,872.5714766587106
100,2004,UK,Solar Energy,192.81148195233936
101,2005,UK,Solar Energy,388.0446409275506
102,2006,UK,Solar Energy,914.8437787773372
103,2007,UK,Solar Energy,955.5464322438004
104,2008,UK,Solar Energy,363.8896945282581
105,2009,UK,Solar Energy,812.4211393532637
106,2010,UK,Solar Energy,151.80288401497984
107,2011,UK,Solar Energy,415.8235112968708
108,2012,UK,Solar Energy,656.396256984635
109,2013,UK,Solar Energy,165.48670572777417
110,2014,UK,Solar Energy,176.35394267667272
111,2015,UK,Solar Energy,831.5196105317523
112,2016,UK,Solar Energy,438.6336269778242
113,2017,UK,Solar Energy,481.7998083222786
114,2018,UK,Solar Energy,110.21828029067716
115,2019,UK,Solar Energy,205.7736220993944
116,2020,UK,Solar Energy,965.9552936270876
117,2021,UK,Solar Energy,301.2362546675074
118,2022,UK,Solar Energy,138.8439207555185
119,2023,UK,Solar Energy,166.41690826185896
120,2000,France,Solar Energy,666.4587743217363
121,2001,France,Solar Energy,625.8828807307902
122,2002,France,Solar Energy,955.3703356689028
123,2003,France,Solar Energy,349.6430646830194
124,2004,France,Solar Energy,625.2905006657849
125,2005,France,Solar Energy,728.3455426177707
126,2006,France,Solar Energy,716.2580552984914
127,2007,France,Solar Energy,954.8199219627317
128,2008,France,Solar Energy,939.455635018612
129,2009,France,Solar Energy,438.8170301902446
130,2010,France,Solar Energy,634.7176438169216
131,2011,France,Solar Energy,854.495834240024
132,2012,France,Solar Energy,150.7379469858344
133,2013,France,Solar Energy,996.9731533665148
134,2014,France,Solar Energy,864.6826516096703
135,2015,France,Solar Energy,958.64592453285
136,2016,France,Solar Energy,656.3154164121063
137,2017,France,Solar Energy,568.276930813414
138,2018,France,Solar Energy,596.716154897037
139,2019,France,Solar Energy,220.61370560557663
140,2020,France,Solar Energy,733.6717912893013
141,2021,France,Solar Energy,415.52880292593727
142,2022,France,Solar Energy,913.7428250443736
143,2023,France,Solar Energy,456.8885040891432
144,2000,Brazil,Solar Energy,232.3661328361341
145,2001,Brazil,Solar Energy,513.2221806144352
146,2002,Brazil,Solar Energy,670.0607688850532
147,2003,Brazil,Solar Energy,215.2412550619952
148,2004,Brazil,Solar Energy,263.69207595923035
149,2005,Brazil,Solar Energy,700.8019646689245
150,2006,Brazil,Solar Energy,252.0415567649481
151,2007,Brazil,Solar Energy,208.5722839905407
152,2008,Brazil,Solar Energy,553.0755437693712
153,2009,Brazil,Solar Energy,665.110350541817
154,2010,Brazil,Solar Energy,154.97016386937736
155,2011,Brazil,Solar Energy,266.0689174207396
156,2012,Brazil,Solar Energy,656.4292943772664
157,2013,Brazil,Solar Energy,133.01488260153812
158,2014,Brazil,Solar Energy,560.5096979040995
159,2015,Brazil,Solar Energy,579.3555398095209
160,2016,Brazil,Solar Energy,118.06407799995372
161,2017,Brazil,Solar Energy,207.7859186373261
162,2018,Brazil,Solar Energy,810.2541147466045
163,2019,Brazil,Solar Energy,628.1570062187913
164,2020,Brazil,Solar Energy,355.398315218852
165,2021,Brazil,Solar Energy,420.4870533080616
166,2022,Brazil,Solar Energy,191.60422535836332
167,2023,Brazil,Solar Energy,267.9103216461752
168,2000,Canada,Solar Energy,172.21037109547797
169,2001,Canada,Solar Energy,200.8350119512471
170,2002,Canada,Solar Energy,835.3648638543519
171,2003,Canada,Solar Energy,936.4383902148272
172,2004,Canada,Solar Energy,792.5436398727433
173,2005,Canada,Solar Energy,556.8493408160095
174,2006,Canada,Solar Energy,359.7674979162302
175,2007,Canada,Solar Energy,579.3304892964272
176,2008,Canada,Solar Energy,157.037473425491
177,2009,Canada,Solar Energy,329.17658928738746
178,2010,Canada,Solar Energy,524.4185696951425
179,2011,Canada,Solar Energy,847.5574670089562
180,2012,Canada,Solar Energy,944.506411138934
181,2013,Canada,Solar Energy,617.0258018619207
182,2014,Canada,Solar Energy,281.46458804297004
183,2015,Canada,Solar Energy,698.6774986265801
184,2016,Canada,Solar Energy,453.2005966803719
185,2017,Canada,Solar Energy,516.4118071026458
186,2018,Canada,Solar Energy,308.9914256321356
187,2019,Canada,Solar Energy,915.8248998680924
188,2020,Canada,Solar Energy,664.9372477642761
189,2021,Canada,Solar Energy,658.0654803356622
190,2022,Canada,Solar Energy,236.5073917594761
191,2023,Canada,Solar Energy,130.17919126220144
192,2000,Australia,Solar Energy,407.8735738443167
193,2001,Australia,Solar Energy,214.73979609878413
194,2002,Australia,Solar Energy,306.32625570937734
195,2003,Australia,Solar Energy,724.55360002039
196,2004,Australia,Solar Energy,263.43794512128306
197,2005,Australia,Solar Energy,515.8052232797195
198,2006,Australia,Solar Energy,555.2998109960195
199,2007,Australia,Solar Energy,938.9064542352512
200,2008,Australia,Solar Energy,736.5147708820588
201,2009,Australia,Solar Energy,481.7176041721474
202,2010,Australia,Solar Energy,505.7554342637189
203,2011,Australia,Solar Energy,212.19641308294013
204,2012,Australia,Solar Energy,632.1478921704363
205,2013,Australia,Solar Energy,822.5681037382103
206,2014,Australia,Solar Energy,583.6560426441306
207,2015,Australia,Solar Energy,763.7511232987736
208,2016,Australia,Solar Energy,226.7713183418199
209,2017,Australia,Solar Energy,923.36131096129
210,2018,Australia,Solar Energy,111.78501092950027
211,2019,Australia,Solar Energy,233.7964549778017
212,2020,Australia,Solar Energy,551.9755092981184
213,2021,Australia,Solar Energy,288.91503378602715
214,2022,Australia,Solar Energy,132.8947010632854
215,2023,Australia,Solar Energy,797.9748550255096
216,2000,Japan,Solar Energy,460.6867547877934
217,2001,Japan,Solar Energy,875.6070589121656
218,2002,Japan,Solar Energy,679.5995889151142
219,2003,Japan,Solar Energy,744.3750059626577
220,2004,Japan,Solar Energy,307.96731692926426
221,2005,Japan,Solar Energy,819.9244768358705
222,2006,Japan,Solar Energy,189.49725348341065
223,2007,Japan,Solar Energy,847.1978781102924
224,2008,Japan,Solar Energy,363.83295723491193
225,2009,Japan,Solar Energy,287.0976296314246
226,2010,Japan,Solar Energy,479.28209553324814
227,2011,Japan,Solar Energy,333.4810900881632
228,2012,Japan,Solar Energy,661.7340170642207
229,2013,Japan,Solar Energy,365.0191835877259
230,2014,Japan,Solar Energy,881.6211783081216
231,2015,Japan,Solar Energy,482.6921540223101
232,2016,Japan,Solar Energy,670.1303978435326
233,2017,Japan,Solar Energy,985.9619626331968
234,2018,Japan,Solar Energy,116.55160889272004
235,2019,Japan,Solar Energy,346.6496986184854
236,2020,Japan,Solar Energy,285.7791445845429
237,2021,Japan,Solar Energy,886.5010698062637
238,2022,Japan,Solar Energy,257.83415076110464
239,2023,Japan,Solar Energy,567.0259347545538
240,2000,USA,Wind Energy,1435.928598332891
241,2001,USA,Wind Energy,402.79287643706346
242,2002,USA,Wind Energy,1120.4943511348592
243,2003,USA,Wind Energy,476.040843881759
244,2004,USA,Wind Energy,882.1833611219092
245,2005,USA,Wind Energy,381.3420188476544
246,2006,USA,Wind Energy,1220.7287498109176
247,2007,USA,Wind Energy,260.38553653599706
248,2008,USA,Wind Energy,1433.5511984293332
249,2009,USA,Wind Energy,326.973748208299
250,2010,USA,Wind Energy,843.7299831446512
251,2011,USA,Wind Energy,1061.2789696601767
252,2012,USA,Wind Energy,440.3107921831852
253,2013,USA,Wind Energy,1363.2755555559436
254,2014,USA,Wind Energy,454.7777211448888
255,2015,USA,Wind Energy,552.7537413060647
256,2016,USA,Wind Energy,905.504908105723
257,2017,USA,Wind Energy,1482.9530175806724
258,2018,USA,Wind Energy,1260.0998569912845
259,2019,USA,Wind Energy,296.2580472543175
260,2020,USA,Wind Energy,1010.2875648758252
261,2021,USA,Wind Energy,622.7383186347711
262,2022,USA,Wind Energy,813.8794027105341
263,2023,USA,Wind Energy,929.6603568403452
264,2000,China,Wind Energy,755.8033238661145
265,2001,China,Wind Energy,1027.3335346429144
266,2002,China,Wind Energy,524.0798978935375
267,2003,China,Wind Energy,300.07388277743087
268,2004,China,Wind Energy,1250.556493433742
269,2005,China,Wind Energy,442.5410765518466
270,2006,China,Wind Energy,1364.9186899005413
271,2007,China,Wind Energy,755.2401252141332
272,2008,China,Wind Energy,863.9714933508354
273,2009,China,Wind Energy,638.8997228247163
274,2010,China,Wind Energy,1113.9246465637311
275,2011,China,Wind Energy,527.3169845729734
276,2012,China,Wind Energy,247.95303156089264
277,2013,China,Wind Energy,562.2404035075949
278,2014,China,Wind Energy,836.2885883608319
279,2015,China,Wind Energy,1190.1054999273329
280,2016,China,Wind Energy,1021.9975797716534
281,2017,China,Wind Energy,1285.893244266009
282,2018,China,Wind Energy,968.1608261447144
283,2019,China,Wind Energy,494.44450775731934
284,2020,China,Wind Energy,702.7559501906986
285,2021,China,Wind Energy,347.5155776127658
286,2022,China,Wind Energy,1057.9792598444328
287,2023,China,Wind Energy,514.4079781705872
288,2000,India,Wind Energy,1023.0318944552484
289,2001,India,Wind Energy,1366.24333793835
290,2002,India,Wind Energy,309.3819544935635
291,2003,India,Wind Energy,211.95616710161852
292,2004,India,Wind Energy,409.0504668427483
293,2005,India,Wind Energy,491.5501022987277
294,2006,India,Wind Energy,1170.4388266534315
295,2007,India,Wind Energy,938.8011843361132
296,2008,India,Wind Energy,517.1865363928086
297,2009,India,Wind Energy,1020.4802137964416
298,2010,India,Wind Energy,840.273001964523
299,2011,India,Wind Energy,231.61075636089
300,2012,India,Wind Energy,1440.1071501033637
301,2013,India,Wind Energy,1406.814131364043
302,2014,India,Wind Energy,1308.9122921075682
303,2015,India,Wind Energy,611.9986067031609
304,2016,India,Wind Energy,1104.838735677465
305,2017,India,Wind Energy,1487.0700051355425
306,2018,India,Wind Energy,1162.9992030804658
307,2019,India,Wind Energy,581.6693975438413
308,2020,India,Wind Energy,1387.212718323413
309,2021,India,Wind Energy,1044.9531100110949
310,2022,India,Wind Energy,639.3937039069965
311,2023,India,Wind Energy,246.7249559357647
312,2000,Germany,Wind Energy,968.083238739714
313,2001,Germany,Wind Energy,668.2478338346418
314,2002,Germany,Wind Energy,480.5673357458961
315,2003,Germany,Wind Energy,890.7610210385924
316,2004,Germany,Wind Energy,1468.607703301295
317,2005,Germany,Wind Energy,552.0819266406966
318,2006,Germany,Wind Energy,1451.4429390813025
319,2007,Germany,Wind Energy,425.2826160920995
320,2008,Germany,Wind Energy,1128.9746995100809
321,2009,Germany,Wind Energy,1159.265991704499
322,2010,Germany,Wind Energy,522.0502863515047
323,2011,Germany,Wind Energy,350.8944326589911
324,2012,Germany,Wind Energy,1114.7552171940308
325,2013,Germany,Wind Energy,815.5133020147354
326,2014,Germany,Wind Energy,1000.6051274678814
327,2015,Germany,Wind Energy,1013.6178904285072
328,2016,Germany,Wind Energy,411.8147552058586
329,2017,Germany,Wind Energy,961.5082556555022
330,2018,Germany,Wind Energy,1036.2746839750591
331,2019,Germany,Wind Energy,701.9334291410065
332,2020,Germany,Wind Energy,290.16969113771506
333,2021,Germany,Wind Energy,1087.908805441264
334,2022,Germany,Wind Energy,230.25351645657364
335,2023,Germany,Wind Energy,1105.758314973396
336,2000,UK,Wind Energy,1244.5252095003032
337,2001,UK,Wind Energy,1248.8851610474433
338,2002,UK,Wind Energy,1209.336848964596
339,2003,UK,Wind Energy,757.6922355875239
340,2004,UK,Wind Energy,1373.318778683437
341,2005,UK,Wind Energy,1364.1801970450606
342,2006,UK,Wind Energy,318.67267982197365
343,2007,UK,Wind Energy,945.469254560272
344,2008,UK,Wind Energy,627.2639089808907
345,2009,UK,Wind Energy,1226.50358563292
346,2010,UK,Wind Energy,914.3875470208562
347,2011,UK,Wind Energy,352.1871213558876
348,2012,UK,Wind Energy,331.4594789596273
349,2013,UK,Wind Energy,1268.418077077463
350,2014,UK,Wind Energy,1482.6314520515282
351,2015,UK,Wind Energy,1431.4231505990165
352,2016,UK,Wind Energy,308.5509317082694
353,2017,UK,Wind Energy,1378.2607006231567
354,2018,UK,Wind Energy,809.2588345923641
355,2019,UK,Wind Energy,1043.9733927508828
356,2020,UK,Wind Energy,687.3317533808153
357,2021,UK,Wind Energy,1452.1893012727946
358,2022,UK,Wind Energy,1358.4860478074925
359,2023,UK,Wind Energy,920.010569721717
360,2000,France,Wind Energy,1104.4732956800024
361,2001,France,Wind Energy,1371.5054136382855
362,2002,France,Wind Energy,1357.3429190581912
363,2003,France,Wind Energy,444.5575076408897
364,2004,France,Wind Energy,301.0550280544803
365,2005,France,Wind Energy,896.9252762473565
366,2006,France,Wind Energy,411.4020211483587
367,2007,France,Wind Energy,1143.435360904868
368,2008,France,Wind Energy,1325.8830563505308
369,2009,France,Wind Energy,1253.7193300163829
370,2010,France,Wind Energy,695.158113620328
371,2011,France,Wind Energy,809.3011077334613
372,2012,France,Wind Energy,1324.139089131569
373,2013,France,Wind Energy,922.0612172834155
374,2014,France,Wind Energy,521.552532266157
375,2015,France,Wind Energy,988.027024786144
376,2016,France,Wind Energy,665.6115334426927
377,2017,France,Wind Energy,1204.013909256331
378,2018,France,Wind Energy,929.219362996002
379,2019,France,Wind Energy,237.41747920734065
380,2020,France,Wind Energy,476.853409961584
381,2021,France,Wind Energy,966.892992911023
382,2022,France,Wind Energy,652.7321071302904
383,2023,France,Wind Energy,1008.7127102962356
384,2000,Brazil,Wind Energy,1404.5639127099428
385,2001,Brazil,Wind Energy,1474.0423478711202
386,2002,Brazil,Wind Energy,512.1893044116509
387,2003,Brazil,Wind Energy,397.4735015659826
388,2004,Brazil,Wind Energy,649.3674683210222
389,2005,Brazil,Wind Energy,424.0158325621188
390,2006,Brazil,Wind Energy,562.1674407415462
391,2007,Brazil,Wind Energy,799.0123984425435
392,2008,Brazil,Wind Energy,1097.5132772181748
393,2009,Brazil,Wind Energy,306.2867415335335
394,2010,Brazil,Wind Energy,559.9409425913648
395,2011,Brazil,Wind Energy,472.1541203377234
396,2012,Brazil,Wind Energy,679.5877314407041
397,2013,Brazil,Wind Energy,528.1680276472271
398,2014,Brazil,Wind Energy,891.7475308449103
399,2015,Brazil,Wind Energy,515.2116547251485
400,2016,Brazil,Wind Energy,618.7029152581317
401,2017,Brazil,Wind Energy,1357.6854649618635
402,2018,Brazil,Wind Energy,847.9748586077744
403,2019,Brazil,Wind Energy,1169.0713164396288
404,2020,Brazil,Wind Energy,672.0069853182256
405,2021,Brazil,Wind Energy,1482.4698234308737
406,2022,Brazil,Wind Energy,398.71688093963166
407,2023,Brazil,Wind Energy,570.6237193020013
408,2000,Canada,Wind Energy,881.8648064413311
409,2001,Canada,Wind Energy,717.2122787594641
410,2002,Canada,Wind Energy,535.2736751584218
411,2003,Canada,Wind Energy,923.7917609181088
412,2004,Canada,Wind Energy,443.1568731247804
413,2005,Canada,Wind Energy,515.1326521396043
414,2006,Canada,Wind Energy,955.609687849396
415,2007,Canada,Wind Energy,267.3705978691549
416,2008,Canada,Wind Energy,1486.9483021069288
417,2009,Canada,Wind Energy,1085.953538891108
418,2010,Canada,Wind Energy,735.3931883914491
419,2011,Canada,Wind Energy,1454.5349838664663
420,2012,Canada,Wind Energy,435.60298601535817
421,2013,Canada,Wind Energy,1294.3774097857536
422,2014,Canada,Wind Energy,412.7527257254159
423,2015,Canada,Wind Energy,879.9850521998551
424,2016,Canada,Wind Energy,1261.5792713130502
425,2017,Canada,Wind Energy,591.7912364133847
426,2018,Canada,Wind Energy,1369.446945256939
427,2019,Canada,Wind Energy,1011.5093946881896
428,2020,Canada,Wind Energy,635.377299054212
429,2021,Canada,Wind Energy,893.4994195692179
430,2022,Canada,Wind Energy,605.2386881342127
431,2023,Canada,Wind Energy,940.8565903327114
432,2000,Australia,Wind Energy,1267.634496073617
433,2001,Australia,Wind Energy,716.4734777284774
434,2002,Australia,Wind Energy,1138.9283389109862
435,2003,Australia,Wind Energy,905.541776351875
436,2004,Australia,Wind Energy,1380.9857297337169
437,2005,Australia,Wind Energy,1431.46834149536
438,2006,Australia,Wind Energy,994.890506065042
439,2007,Australia,Wind Energy,934.6731386659716
440,2008,Australia,Wind Energy,398.3007557885397
441,2009,Australia,Wind Energy,1157.3775063121398
442,2010,Australia,Wind Energy,347.20945959298183
443,2011,Australia,Wind Energy,1397.094447402584
444,2012,Australia,Wind Energy,718.7035150311693
445,2013,Australia,Wind Energy,206.02162990598373
446,2014,Australia,Wind Energy,1395.8123013365887
447,2015,Australia,Wind Energy,787.8833231567493
448,2016,Australia,Wind Energy,429.30308245809033
449,2017,Australia,Wind Energy,671.112068851623
450,2018,Australia,Wind Energy,1062.5985836217235
451,2019,Australia,Wind Energy,739.0113608451309
452,2020,Australia,Wind Energy,974.0005225160568
453,2021,Australia,Wind Energy,1367.470576272928
454,2022,Australia,Wind Energy,813.687028642999
455,2023,Australia,Wind Energy,789.2754851724359
456,2000,Japan,Wind Energy,927.5324307006832
457,2001,Japan,Wind Energy,1429.9501007737226
458,2002,Japan,Wind Energy,731.3544224275253
459,2003,Japan,Wind Energy,1056.6011244831966
460,2004,Japan,Wind Energy,1073.4605666783468
461,2005,Japan,Wind Energy,432.1080606706337
462,2006,Japan,Wind Energy,516.1238482992903
463,2007,Japan,Wind Energy,716.3385885039912
464,2008,Japan,Wind Energy,1365.2365640774558
465,2009,Japan,Wind Energy,234.49186503596565
466,2010,Japan,Wind Energy,1360.4732244000672
467,2011,Japan,Wind Energy,693.6001306174469
468,2012,Japan,Wind Energy,732.2351478486125
469,2013,Japan,Wind Energy,1432.9892990508038
470,2014,Japan,Wind Energy,833.6605577243678
471,2015,Japan,Wind Energy,229.21010081615265
472,2016,Japan,Wind Energy,535.253991063163
473,2017,Japan,Wind Energy,883.3972369934916
474,2018,Japan,Wind Energy,1388.5884485286488
475,2019,Japan,Wind Energy,920.4314032705314
476,2020,Japan,Wind Energy,214.2945772560246
477,2021,Japan,Wind Energy,976.6370328214008
478,2022,Japan,Wind Energy,1388.7355297024478
479,2023,Japan,Wind Energy,261.0557568075716
480,2000,USA,Hydro Energy,1544.3897010793887
481,2001,USA,Hydro Energy,398.7421406859391
482,2002,USA,Hydro Energy,334.9936403028641
483,2003,USA,Hydro Energy,609.1024442520711
484,2004,USA,Hydro Energy,1034.3065316915968
485,2005,USA,Hydro Energy,796.6459025098709
486,2006,USA,Hydro Energy,639.4454296692115
487,2007,USA,Hydro Energy,1332.826248232445
488,2008,USA,Hydro Energy,1941.574456226751
489,2009,USA,Hydro Energy,1463.1961450706667
490,2010,USA,Hydro Energy,358.4604858958713
491,2011,USA,Hydro Energy,829.9088293519986
492,2012,USA,Hydro Energy,1948.2938671997492
493,2013,USA,Hydro Energy,1316.4299639788446
494,2014,USA,Hydro Energy,376.8863911479147
495,2015,USA,Hydro Energy,1708.85376555828
496,2016,USA,Hydro Energy,539.5711824570965
497,2017,USA,Hydro Energy,1612.8161078043177
498,2018,USA,Hydro Energy,1501.657484540949
499,2019,USA,Hydro Energy,909.3917385252636
500,2020,USA,Hydro Energy,862.5266422495037
501,2021,USA,Hydro Energy,1540.3305031747088
502,2022,USA,Hydro Energy,503.3102180951129
503,2023,USA,Hydro Energy,1610.6442059227536
504,2000,China,Hydro Energy,343.2125154649618
505,2001,China,Hydro Energy,834.4051678297553
506,2002,China,Hydro Energy,997.6509691605704
507,2003,China,Hydro Energy,792.5774699534056
508,2004,China,Hydro Energy,1376.7863860677198
509,2005,China,Hydro Energy,1817.3502974329624
510,2006,China,Hydro Energy,840.6059074521686
511,2007,China,Hydro Energy,1690.6251020682382
512,2008,China,Hydro Energy,1009.5987053529244
513,2009,China,Hydro Energy,1902.9464966512824
514,2010,China,Hydro Energy,918.1703240447996
515,2011,China,Hydro Energy,1145.3224600170552
516,2012,China,Hydro Energy,1336.259367765825
517,2013,China,Hydro Energy,1844.0520061433112
518,2014,China,Hydro Energy,1975.6057719880207
519,2015,China,Hydro Energy,703.9838247870794
520,2016,China,Hydro Energy,1377.000508293521
521,2017,China,Hydro Energy,845.326110451951
522,2018,China,Hydro Energy,1451.85941513188
523,2019,China,Hydro Energy,1396.793743696065
524,2020,China,Hydro Energy,1892.4409808524488
525,2021,China,Hydro Energy,1871.9791510735567
526,2022,China,Hydro Energy,1689.2777403420669
527,2023,China,Hydro Energy,458.2747052700287
528,2000,India,Hydro Energy,876.3506447827912
529,2001,India,Hydro Energy,1808.0469212506996
530,2002,India,Hydro Energy,574.7688139608434
531,2003,India,Hydro Energy,472.5016228722546
532,2004,India,Hydro Energy,1232.8474419231964
533,2005,India,Hydro Energy,1510.704676290811
534,2006,India,Hydro Energy,1404.375928380265
535,2007,India,Hydro Energy,459.2471053077573
536,2008,India,Hydro Energy,1954.1179430791572
537,2009,India,Hydro Energy,1651.1792160208024
538,2010,India,Hydro Energy,631.9130792566757
539,2011,India,Hydro Energy,1397.302903042185
540,2012,India,Hydro Energy,1855.2694633747624
541,2013,India,Hydro Energy,1027.9130521394345
542,2014,India,Hydro Energy,800.5631165182956
543,2015,India,Hydro Energy,588.1376693663572
544,2016,India,Hydro Energy,1269.1039891519204
545,2017,India,Hydro Energy,538.1428259020909
546,2018,India,Hydro Energy,1484.9267596919556
547,2019,India,Hydro Energy,1675.9139643134731
548,2020,India,Hydro Energy,1169.2820780635943
549,2021,India,Hydro Energy,1493.3436913380956
550,2022,India,Hydro Energy,938.4910194879049
551,2023,India,Hydro Energy,1091.5166308251823
552,2000,Germany,Hydro Energy,351.850424896384
553,2001,Germany,Hydro Energy,516.0028715082042
554,2002,Germany,Hydro Energy,1358.9138088923005
555,2003,Germany,Hydro Energy,1219.079706737181
556,2004,Germany,Hydro Energy,1177.710592112032
557,2005,Germany,Hydro Energy,1046.2514151995815
558,2006,Germany,Hydro Energy,1721.16620487075
559,2007,Germany,Hydro Energy,565.9429725408463
560,2008,Germany,Hydro Energy,1422.3355404201432
561,2009,Germany,Hydro Energy,1242.4018892693812
562,2010,Germany,Hydro Energy,905.1535537071449
563,2011,Germany,Hydro Energy,378.2044914369797
564,2012,Germany,Hydro Energy,1106.095509448453
565,2013,Germany,Hydro Energy,594.4431788470258
566,2014,Germany,Hydro Energy,1379.6592064749946
567,2015,Germany,Hydro Energy,1155.331639586149
568,2016,Germany,Hydro Energy,419.9668705807308
569,2017,Germany,Hydro Energy,1898.391410422428
570,2018,Germany,Hydro Energy,1079.029913835578
571,2019,Germany,Hydro Energy,1934.023958500654
572,2020,Germany,Hydro Energy,471.32260234162527
573,2021,Germany,Hydro Energy,421.0207023823893
574,2022,Germany,Hydro Energy,1684.596420401191
575,2023,Germany,Hydro Energy,1369.2028395258028
576,2000,UK,Hydro Energy,779.458773371221
577,2001,UK,Hydro Energy,1983.8587414011447
578,2002,UK,Hydro Energy,879.3660184301303
579,2003,UK,Hydro Energy,1576.4808152455455
580,2004,UK,Hydro Energy,1158.929033161357
581,2005,UK,Hydro Energy,961.6428538480772
582,2006,UK,Hydro Energy,842.8331839037053
583,2007,UK,Hydro Energy,1374.1232606886588
584,2008,UK,Hydro Energy,1443.2813753309654
585,2009,UK,Hydro Energy,455.0503751827736
586,2010,UK,Hydro Energy,1050.601852334741
587,2011,UK,Hydro Energy,543.0858594898209
588,2012,UK,Hydro Energy,442.9815703954956
589,2013,UK,Hydro Energy,1500.6117861660437
590,2014,UK,Hydro Energy,936.2603527854044
591,2015,UK,Hydro Energy,1976.2018084988808
592,2016,UK,Hydro Energy,1621.1497570766426
593,2017,UK,Hydro Energy,489.03571992045727
594,2018,UK,Hydro Energy,395.7155686591235
595,2019,UK,Hydro Energy,1568.2762947512197
596,2020,UK,Hydro Energy,785.7105466791633
597,2021,UK,Hydro Energy,320.6626069726878
598,2022,UK,Hydro Energy,1197.0918854467095
599,2023,UK,Hydro Energy,1947.814310552468
600,2000,France,Hydro Energy,1072.7198101052145
601,2001,France,Hydro Energy,377.2588465804784
602,2002,France,Hydro Energy,1074.616479735712
603,2003,France,Hydro Energy,1088.2872883979696
604,2004,France,Hydro Energy,1956.471173032483
605,2005,France,Hydro Energy,826.1969476867572
606,2006,France,Hydro Energy,1848.576213639532
607,2007,France,Hydro Energy,1342.8058330908427
608,2008,France,Hydro Energy,376.871739180522
609,2009,France,Hydro Energy,1978.3694198354056
610,2010,France,Hydro Energy,1948.8544762848253
611,2011,France,Hydro Energy,1005.1931539740308
612,2012,France,Hydro Energy,1681.9317155211318
613,2013,France,Hydro Energy,1607.2786058068675
614,2014,France,Hydro Energy,1065.925030027159
615,2015,France,Hydro Energy,688.6927693558866
616,2016,France,Hydro Energy,493.0479067393693
617,2017,France,Hydro Energy,1184.2779518903887
618,2018,France,Hydro Energy,1790.3111245191865
619,2019,France,Hydro Energy,1583.7333346451524
620,2020,France,Hydro Energy,531.8315084975086
621,2021,France,Hydro Energy,966.8148766695448
622,2022,France,Hydro Energy,1173.7821315716783
623,2023,France,Hydro Energy,1766.0183048694669
624,2000,Brazil,Hydro Energy,1136.597698235215
625,2001,Brazil,Hydro Energy,1137.4507597878785
626,2002,Brazil,Hydro Energy,428.9676577847287
627,2003,Brazil,Hydro Energy,536.0061935039972
628,2004,Brazil,Hydro Energy,1824.54029684022
629,2005,Brazil,Hydro Energy,626.8913319747403
630,2006,Brazil,Hydro Energy,600.9178232704696
631,2007,Brazil,Hydro Energy,650.7673212898472
632,2008,Brazil,Hydro Energy,366.83063772986816
633,2009,Brazil,Hydro Energy,1785.0836609815212
634,2010,Brazil,Hydro Energy,1670.5421756482042
635,2011,Brazil,Hydro Energy,929.8025747453494
636,2012,Brazil,Hydro Energy,1086.3090174263514
637,2013,Brazil,Hydro Energy,1512.694296003739
638,2014,Brazil,Hydro Energy,482.1924192776193
639,2015,Brazil,Hydro Energy,757.7134926139477
640,2016,Brazil,Hydro Energy,659.4616118941259
641,2017,Brazil,Hydro Energy,1309.1071710418828
642,2018,Brazil,Hydro Energy,447.7644897486202
643,2019,Brazil,Hydro Energy,1033.8212285904551
644,2020,Brazil,Hydro Energy,1398.0593102637222
645,2021,Brazil,Hydro Energy,1329.8171929067082
646,2022,Brazil,Hydro Energy,718.1281382536638
647,2023,Brazil,Hydro Energy,594.7351120010833
648,2000,Canada,Hydro Energy,997.6746058824244
649,2001,Canada,Hydro Energy,1948.0997365681271
650,2002,Canada,Hydro Energy,590.5088985631119
651,2003,Canada,Hydro Energy,1271.7415720988297
652,2004,Canada,Hydro Energy,850.2547018872142
653,2005,Canada,Hydro Energy,495.222602056646
654,2006,Canada,Hydro Energy,562.4166159661439
655,2007,Canada,Hydro Energy,872.227272929665
656,2008,Canada,Hydro Energy,848.001536457029
657,2009,Canada,Hydro Energy,1592.3873618124671
658,2010,Canada,Hydro Energy,893.076053123092
659,2011,Canada,Hydro Energy,511.305279925426
660,2012,Canada,Hydro Energy,413.04365452352175
661,2013,Canada,Hydro Energy,537.6130402646921
662,2014,Canada,Hydro Energy,579.251856482688
663,2015,Canada,Hydro Energy,910.0118230099542
664,2016,Canada,Hydro Energy,1046.5293445693717
665,2017,Canada,Hydro Energy,1570.935946299627
666,2018,Canada,Hydro Energy,952.6150763344594
667,2019,Canada,Hydro Energy,498.7266692042189
668,2020,Canada,Hydro Energy,536.7625235277583
669,2021,Canada,Hydro Energy,1819.617391186628
670,2022,Canada,Hydro Energy,722.4315376845918
671,2023,Canada,Hydro Energy,1596.179765759174
672,2000,Australia,Hydro Energy,488.0739528238523
673,2001,Australia,Hydro Energy,1655.4021218252412
674,2002,Australia,Hydro Energy,1524.0621121283264
675,2003,Australia,Hydro Energy,728.0584001418197
676,2004,Australia,Hydro Energy,1291.7660511024048
677,2005,Australia,Hydro Energy,560.6973852973363
678,2006,Australia,Hydro Energy,330.78731249542886
679,2007,Australia,Hydro Energy,1484.3064005907167
680,2008,Australia,Hydro Energy,1279.6902122835822
681,2009,Australia,Hydro Energy,1888.4239251073247
682,2010,Australia,Hydro Energy,1974.2300382359688
683,2011,Australia,Hydro Energy,1778.823815505618
684,2012,Australia,Hydro Energy,393.0947859974533
685,2013,Australia,Hydro Energy,866.9485918749451
686,2014,Australia,Hydro Energy,888.7881904221341
687,2015,Australia,Hydro Energy,681.8281989979694
688,2016,Australia,Hydro Energy,1147.2252136571155
689,2017,Australia,Hydro Energy,1287.000195472674
690,2018,Australia,Hydro Energy,602.6611436785774
691,2019,Australia,Hydro Energy,445.0944357336946
692,2020,Australia,Hydro Energy,414.0300115603267
693,2021,Australia,Hydro Energy,648.7373888194122
694,2022,Australia,Hydro Energy,1260.229926546448
695,2023,Australia,Hydro Energy,1191.4634578568862
696,2000,Japan,Hydro Energy,563.9084180822113
697,2001,Japan,Hydro Energy,934.62583767558
698,2002,Japan,Hydro Energy,343.15680462258626
699,2003,Japan,Hydro Energy,346.06318725592195
700,2004,Japan,Hydro Energy,333.5079141824191
701,2005,Japan,Hydro Energy,1409.668383348187
702,2006,Japan,Hydro Energy,1527.8537841546206
703,2007,Japan,Hydro Energy,1435.7447321700986
704,2008,Japan,Hydro Energy,322.10326996825125
705,2009,Japan,Hydro Energy,608.4402396526555
706,2010,Japan,Hydro Energy,1689.6540549553497
707,2011,Japan,Hydro Energy,1303.5014022751732
708,2012,Japan,Hydro Energy,1238.4802074483664
709,2013,Japan,Hydro Energy,1598.1298500715934
710,2014,Japan,Hydro Energy,1820.7387857199556
711,2015,Japan,Hydro Energy,756.7515109544083
712,2016,Japan,Hydro Energy,536.905325923801
713,2017,Japan,Hydro Energy,591.854785942116
714,2018,Japan,Hydro Energy,500.1768409132399
715,2019,Japan,Hydro Energy,1407.4146601981693
716,2020,Japan,Hydro Energy,532.7055711169724
717,2021,Japan,Hydro Energy,1320.8786627372108
718,2022,Japan,Hydro Energy,1011.9098923165244
719,2023,Japan,Hydro Energy,582.6817268853349
720,2000,USA,Other Renewable Energy,319.3963178886665
721,2001,USA,Other Renewable Energy,439.7792655987208
722,2002,USA,Other Renewable Energy,486.45943347289744
723,2003,USA,Other Renewable Energy,132.53202943404523
724,2004,USA,Other Renewable Energy,181.05311308911885
725,2005,USA,Other Renewable Energy,214.8628294821613
726,2006,USA,Other Renewable Energy,281.4054972861252
727,2007,USA,Other Renewable Energy,126.7358556592812
728,2008,USA,Other Renewable Energy,413.7788066524075
729,2009,USA,Other Renewable Energy,248.06862218282055
730,2010,USA,Other Renewable Energy,459.1941809354519
731,2011,USA,Other Renewable Energy,284.0306095300149
732,2012,USA,Other Renewable Energy,398.80977051250153
733,2013,USA,Other Renewable Energy,464.84340576040256
734,2014,USA,Other Renewable Energy,196.39864884346892
735,2015,USA,Other Renewable Energy,210.5389970121152
736,2016,USA,Other Renewable Energy,410.9886413393178
737,2017,USA,Other Renewable Energy,139.4220566903776
738,2018,USA,Other Renewable Energy,378.0532256184443
739,2019,USA,Other Renewable Energy,102.14107678630836
740,2020,USA,Other Renewable Energy,78.60125762871064
741,2021,USA,Other Renewable Energy,336.9008621098459
742,2022,USA,Other Renewable Energy,370.9601542503477
743,2023,USA,Other Renewable Energy,272.20801836397584
744,2000,China,Other Renewable Energy,98.551142146987
745,2001,China,Other Renewable Energy,278.85681102411627
746,2002,China,Other Renewable Energy,389.9980123443719
747,2003,China,Other Renewable Energy,122.54957926430198
748,2004,China,Other Renewable Energy,442.15726558447295
749,2005,China,Other Renewable Energy,292.7040088620428
750,2006,China,Other Renewable Energy,99.52336603745454
751,2007,China,Other Renewable Energy,437.32876246535454
752,2008,China,Other Renewable Energy,149.9485147118286
753,2009,China,Other Renewable Energy,195.44131940933983
754,2010,China,Other Renewable Energy,487.3019372244323
755,2011,China,Other Renewable Energy,185.39523941754635
756,2012,China,Other Renewable Energy,276.2055604529877
757,2013,China,Other Renewable Energy,157.8028508001376
758,2014,China,Other Renewable Energy,158.9248721801752
759,2015,China,Other Renewable Energy,377.6973568753368
760,2016,China,Other Renewable Energy,291.0986078336413
761,2017,China,Other Renewable Energy,133.9333296799344
762,2018,China,Other Renewable Energy,57.46452301753527
763,2019,China,Other Renewable Energy,128.46489305224617
764,2020,China,Other Renewable Energy,111.88442486569696
765,2021,China,Other Renewable Energy,444.80270902144144
766,2022,China,Other Renewable Energy,299.84036521975804
767,2023,China,Other Renewable Energy,453.747091078997
768,2000,India,Other Renewable Energy,207.1443085756974
769,2001,India,Other Renewable Energy,400.9439956359307
770,2002,India,Other Renewable Energy,454.34938483718565
771,2003,India,Other Renewable Energy,348.5757960986251
772,2004,India,Other Renewable Energy,361.352838961712
773,2005,India,Other Renewable Energy,156.76208937356003
774,2006,India,Other Renewable Energy,432.1505347223801
775,2007,India,Other Renewable Energy,215.4721113767451
776,2008,India,Other Renewable Energy,226.89397610004215
777,2009,India,Other Renewable Energy,276.18669189733646
778,2010,India,Other Renewable Energy,375.1034518676774
779,2011,India,Other Renewable Energy,129.699805733172
780,2012,India,Other Renewable Energy,216.57141511495
781,2013,India,Other Renewable Energy,484.9946685696513
782,2014,India,Other Renewable Energy,223.2939778708664
783,2015,India,Other Renewable Energy,300.5605681062576
784,2016,India,Other Renewable Energy,93.72942219684585
785,2017,India,Other Renewable Energy,283.24834356368154
786,2018,India,Other Renewable Energy,366.1178377941992
787,2019,India,Other Renewable Energy,414.55102760563136
788,2020,India,Other Renewable Energy,275.68233260923984
789,2021,India,Other Renewable Energy,408.1067012462455
790,2022,India,Other Renewable Energy,92.29187292839106
791,2023,India,Other Renewable Energy,294.1900856184095
792,2000,Germany,Other Renewable Energy,66.80668493714649
793,2001,Germany,Other Renewable Energy,285.00946702466194
794,2002,Germany,Other Renewable Energy,88.4063592471956
795,2003,Germany,Other Renewable Energy,336.84345567419297
796,2004,Germany,Other Renewable Energy,195.3304128235607
797,2005,Germany,Other Renewable Energy,85.30537160401968
798,2006,Germany,Other Renewable Energy,363.18839274216407
799,2007,Germany,Other Renewable Energy,162.60930417406792
800,2008,Germany,Other Renewable Energy,175.97025362567427
801,2009,Germany,Other Renewable Energy,325.2743358054585
802,2010,Germany,Other Renewable Energy,391.0307497089661
803,2011,Germany,Other Renewable Energy,68.32796104353656
804,2012,Germany,Other Renewable Energy,94.02537229295066
805,2013,Germany,Other Renewable Energy,245.23324215708783
806,2014,Germany,Other Renewable Energy,70.38680439742004
807,2015,Germany,Other Renewable Energy,435.420428534745
808,2016,Germany,Other Renewable Energy,339.088675192842
809,2017,Germany,Other Renewable Energy,308.96338004414554
810,2018,Germany,Other Renewable Energy,295.5275551921707
811,2019,Germany,Other Renewable Energy,457.4077888802287
812,2020,Germany,Other Renewable Energy,58.19982154319737
813,2021,Germany,Other Renewable Energy,193.5390336321926
814,2022,Germany,Other Renewable Energy,176.83464864802997
815,2023,Germany,Other Renewable Energy,444.8624060871738
816,2000,UK,Other Renewable Energy,129.84779470087528
817,2001,UK,Other Renewable Energy,235.6779546101419
818,2002,UK,Other Renewable Energy,468.84079652160415
819,2003,UK,Other Renewable Energy,389.5442933381071
820,2004,UK,Other Renewable Energy,421.90585974848375
821,2005,UK,Other Renewable Energy,54.87694316613426
822,2006,UK,Other Renewable Energy,477.5278851728622
823,2007,UK,Other Renewable Energy,251.8004848902439
824,2008,UK,Other Renewable Energy,388.568538246956
825,2009,UK,Other Renewable Energy,272.48913711616166
826,2010,UK,Other Renewable Energy,449.4668822412349
827,2011,UK,Other Renewable Energy,392.6797842728625
828,2012,UK,Other Renewable Energy,365.436109156604
829,2013,UK,Other Renewable Energy,86.6069512888549
830,2014,UK,Other Renewable Energy,216.7889661801009
831,2015,UK,Other Renewable Energy,389.0201833665237
832,2016,UK,Other Renewable Energy,301.2819123811123
833,2017,UK,Other Renewable Energy,271.6812969308866
834,2018,UK,Other Renewable Energy,103.46806232063236
835,2019,UK,Other Renewable Energy,312.5159442937218
836,2020,UK,Other Renewable Energy,440.8696076852571
837,2021,UK,Other Renewable Energy,486.4454720184376
838,2022,UK,Other Renewable Energy,496.83415825368513
839,2023,UK,Other Renewable Energy,285.39402987656695
840,2000,France,Other Renewable Energy,332.40113603782856
841,2001,France,Other Renewable Energy,176.43343531650365
842,2002,France,Other Renewable Energy,329.05966901069155
843,2003,France,Other Renewable Energy,209.00850261172377
844,2004,France,Other Renewable Energy,493.7948350158213
845,2005,France,Other Renewable Energy,416.2077588681269
846,2006,France,Other Renewable Energy,420.1417593154261
847,2007,France,Other Renewable Energy,238.2093663307785
848,2008,France,Other Renewable Energy,61.865138523763406
849,2009,France,Other Renewable Energy,117.68760099658768
850,2010,France,Other Renewable Energy,428.9535154110689
851,2011,France,Other Renewable Energy,173.0331823688178
852,2012,France,Other Renewable Energy,499.8729529787588
853,2013,France,Other Renewable Energy,475.1445784470926
854,2014,France,Other Renewable Energy,108.12173681817274
855,2015,France,Other Renewable Energy,352.26530798263553
856,2016,France,Other Renewable Energy,352.20793801675984
857,2017,France,Other Renewable Energy,433.4816751433431
858,2018,France,Other Renewable Energy,231.56728979557863
859,2019,France,Other Renewable Energy,329.1392981090591
860,2020,France,Other Renewable Energy,56.54509955054687
861,2021,France,Other Renewable Energy,246.86371491067808
862,2022,France,Other Renewable Energy,402.6438557335144
863,2023,France,Other Renewable Energy,477.28428064593896
864,2000,Brazil,Other Renewable Energy,166.20997473453127
865,2001,Brazil,Other Renewable Energy,197.9382246293787
866,2002,Brazil,Other Renewable Energy,107.99587485979217
867,2003,Brazil,Other Renewable Energy,338.3936351614466
868,2004,Brazil,Other Renewable Energy,263.28273811829257
869,2005,Brazil,Other Renewable Energy,68.39087731991549
870,2006,Brazil,Other Renewable Energy,89.91614019067502
871,2007,Brazil,Other Renewable Energy,213.921437471634
872,2008,Brazil,Other Renewable Energy,409.7346795090692
873,2009,Brazil,Other Renewable Energy,464.3925802393159
874,2010,Brazil,Other Renewable Energy,386.7168606726463
875,2011,Brazil,Other Renewable Energy,268.0353433359596
876,2012,Brazil,Other Renewable Energy,386.3619221601904
877,2013,Brazil,Other Renewable Energy,452.8430769592397
878,2014,Brazil,Other Renewable Energy,251.3355650705546
879,2015,Brazil,Other Renewable Energy,219.77787339708016
880,2016,Brazil,Other Renewable Energy,197.3738084800616
881,2017,Brazil,Other Renewable Energy,355.59604361502033
882,2018,Brazil,Other Renewable Energy,291.6979438183465
883,2019,Brazil,Other Renewable Energy,107.4111362580037
884,2020,Brazil,Other Renewable Energy,306.85023710101035
885,2021,Brazil,Other Renewable Energy,156.7520562811975
886,2022,Brazil,Other Renewable Energy,122.30661796680003
887,2023,Brazil,Other Renewable Energy,453.5444410818913
888,2000,Canada,Other Renewable Energy,492.0703776088729
889,2001,Canada,Other Renewable Energy,439.4782066522912
890,2002,Canada,Other Renewable Energy,350.88944896599395
891,2003,Canada,Other Renewable Energy,175.99059214712787
892,2004,Canada,Other Renewable Energy,241.44639737738757
893,2005,Canada,Other Renewable Energy,324.7790190987347
894,2006,Canada,Other Renewable Energy,266.5130458346679
895,2007,Canada,Other Renewable Energy,110.4866046225384
896,2008,Canada,Other Renewable Energy,414.4435006345857
897,2009,Canada,Other Renewable Energy,318.0374332735299
898,2010,Canada,Other Renewable Energy,468.2881149115216
899,2011,Canada,Other Renewable Energy,378.8903638416399
900,2012,Canada,Other Renewable Energy,383.5042921805266
901,2013,Canada,Other Renewable Energy,407.8702903369506
902,2014,Canada,Other Renewable Energy,416.558624104122
903,2015,Canada,Other Renewable Energy,444.7402433658987
904,2016,Canada,Other Renewable Energy,219.6249932412084
905,2017,Canada,Other Renewable Energy,276.22417554161564
906,2018,Canada,Other Renewable Energy,294.59878750129485
907,2019,Canada,Other Renewable Energy,472.92445562606383
908,2020,Canada,Other Renewable Energy,407.3113351716332
909,2021,Canada,Other Renewable Energy,404.8687450510389
910,2022,Canada,Other Renewable Energy,384.7758316577047
911,2023,Canada,Other Renewable Energy,444.5445365427872
912,2000,Australia,Other Renewable Energy,430.9035312805332
913,2001,Australia,Other Renewable Energy,117.4628423069482
914,2002,Australia,Other Renewable Energy,338.5164347983838
915,2003,Australia,Other Renewable Energy,205.56319707676371
916,2004,Australia,Other Renewable Energy,230.383137543638
917,2005,Australia,Other Renewable Energy,313.80342440755874
918,2006,Australia,Other Renewable Energy,442.45575902486814
919,2007,Australia,Other Renewable Energy,465.1247215297831
920,2008,Australia,Other Renewable Energy,323.0217708722852
921,2009,Australia,Other Renewable Energy,466.5058308080493
922,2010,Australia,Other Renewable Energy,427.5041389006704
923,2011,Australia,Other Renewable Energy,283.47712570673247
924,2012,Australia,Other Renewable Energy,200.8387587406554
925,2013,Australia,Other Renewable Energy,229.1759121159245
926,2014,Australia,Other Renewable Energy,206.12894085330245
927,2015,Australia,Other Renewable Energy,253.59778225971203
928,2016,Australia,Other Renewable Energy,238.51645227704657
929,2017,Australia,Other Renewable Energy,334.5189295637887
930,2018,Australia,Other Renewable Energy,482.4816428612549
931,2019,Australia,Other Renewable Energy,498.5934133306763
932,2020,Australia,Other Renewable Energy,387.48221167963
933,2021,Australia,Other Renewable Energy,135.80947429864997
934,2022,Australia,Other Renewable Energy,79.56888774275856
935,2023,Australia,Other Renewable Energy,248.34323612220263
936,2000,Japan,Other Renewable Energy,131.86765872287202
937,2001,Japan,Other Renewable Energy,171.8351029145992
938,2002,Japan,Other Renewable Energy,120.26866881478566
939,2003,Japan,Other Renewable Energy,149.88747286982726
940,2004,Japan,Other Renewable Energy,96.84886189305824
941,2005,Japan,Other Renewable Energy,157.18225147102692
942,2006,Japan,Other Renewable Energy,435.06341064782856
943,2007,Japan,Other Renewable Energy,142.24293293711943
944,2008,Japan,Other Renewable Energy,88.47883888451064
945,2009,Japan,Other Renewable Energy,312.3687024363615
946,2010,Japan,Other Renewable Energy,203.81780826404415
947,2011,Japan,Other Renewable Energy,170.6286383702943
948,2012,Japan,Other Renewable Energy,246.2569381108925
949,2013,Japan,Other Renewable Energy,113.05092909490364
950,2014,Japan,Other Renewable Energy,409.9348651762919
951,2015,Japan,Other Renewable Energy,293.7353965973901
952,2016,Japan,Other Renewable Energy,425.7186065596846
953,2017,Japan,Other Renewable Energy,172.53829693371603
954,2018,Japan,Other Renewable Energy,309.43241398141413
955,2019,Japan,Other Renewable Energy,423.3838116682408
956,2020,Japan,Other Renewable Energy,455.00838883164727
957,2021,Japan,Other Renewable Energy,349.26650354581494
958,2022,Japan,Other Renewable Energy,222.41233771227385
959,2023,Japan,Other Renewable Energy,382.1151273918667
960,2000,USA,Total Renewable Energy,3736.8007242635726
961,2001,USA,Total Renewable Energy,1481.7310591199162
962,2002,USA,Total Renewable Energy,2582.950935479509
963,2003,USA,Total Renewable Energy,2066.873694288255
964,2004,USA,Total Renewable Energy,2471.361024566209
965,2005,USA,Total Renewable Energy,2043.518356089828
966,2006,USA,Total Renewable Energy,2652.0426625615864
967,2007,USA,Total Renewable Energy,2353.1207524035617
968,2008,USA,Total Renewable Energy,3947.4508949952433
969,2009,USA,Total Renewable Energy,2412.39090771782
970,2010,USA,Total Renewable Energy,1871.2190613362752
971,2011,USA,Total Renewable Energy,2508.120391982205
972,2012,USA,Total Renewable Energy,3379.453681304388
973,2013,USA,Total Renewable Energy,4090.097972702961
974,2014,USA,Total Renewable Energy,1207.706012983
975,2015,USA,Total Renewable Energy,2921.9560645969937
976,2016,USA,Total Renewable Energy,2208.90579062078
977,2017,USA,Total Renewable Energy,3402.2867613871613
978,2018,USA,Total Renewable Energy,3244.78047256192
979,2019,USA,Total Renewable Energy,2101.9341745832407
980,2020,USA,Total Renewable Energy,2828.2085480420737
981,2021,USA,Total Renewable Energy,2879.853773463422
982,2022,USA,Total Renewable Energy,2586.6412433746887
983,2023,USA,Total Renewable Energy,3597.2191248822824
984,2000,China,Total Renewable Energy,1768.026527921858
985,2001,China,Total Renewable Energy,2268.881780614847
986,2002,China,Total Renewable Energy,2828.538705931964
987,2003,China,Total Renewable Energy,1521.119280937599
988,2004,China,Total Renewable Energy,4006.2280321942494
989,2005,China,Total Renewable Energy,3375.900252056055
990,2006,China,Total Renewable Energy,3131.744103037821
991,2007,China,Total Renewable Energy,3188.3356360354733
992,2008,China,Total Renewable Energy,2129.77563089366
993,2009,China,Total Renewable Energy,2945.1663694856534
994,2010,China,Total Renewable Energy,3086.308467401993
995,2011,China,Total Renewable Energy,2824.237249455475
996,2012,China,Total Renewable Energy,2216.774404719426
997,2013,China,Total Renewable Energy,2710.4261365760344
998,2014,China,Total Renewable Energy,3201.2246174111287
999,2015,China,Total Renewable Energy,2976.70867425504
1000,2016,China,Total Renewable Energy,3121.1015153461435
1001,2017,China,Total Renewable Energy,2446.4134774468625
1002,2018,China,Total Renewable Energy,2614.182391693417
1003,2019,China,Total Renewable Energy,2580.586896974983
1004,2020,China,Total Renewable Energy,3428.925320201064
1005,2021,China,Total Renewable Energy,3071.2571536529963
1006,2022,China,Total Renewable Energy,3379.2448303498977
1007,2023,China,Total Renewable Energy,2003.1152950400187
1008,2000,India,Total Renewable Energy,3016.9030992607345
1009,2001,India,Total Renewable Energy,4328.594365808196
1010,2002,India,Total Renewable Energy,2016.328634830452
1011,2003,India,Total Renewable Energy,1678.8197397661293
1012,2004,India,Total Renewable Energy,2107.806173189253
1013,2005,India,Total Renewable Energy,2845.78200151544
1014,2006,India,Total Renewable Energy,3399.8250180994173
1015,2007,India,Total Renewable Energy,2305.3720040909243
1016,2008,India,Total Renewable Energy,3036.880586485561
1017,2009,India,Total Renewable Energy,3850.6880213739823
1018,2010,India,Total Renewable Energy,2466.5030292525994
1019,2011,India,Total Renewable Energy,2111.3085913330174
1020,2012,India,Total Renewable Energy,4458.360754510699
1021,2013,India,Total Renewable Energy,3033.6328069491096
1022,2014,India,Total Renewable Energy,3300.027365877058
1023,2015,India,Total Renewable Energy,2366.7198485409467
1024,2016,India,Total Renewable Energy,3410.2114437709342
1025,2017,India,Total Renewable Energy,2961.967678630567
1026,2018,India,Total Renewable Energy,3903.67956530178
1027,2019,India,Total Renewable Energy,3095.676425560725
1028,2020,India,Total Renewable Energy,3712.54221571834
1029,2021,India,Total Renewable Energy,3764.8691636655335
1030,2022,India,Total Renewable Energy,2571.181403959102
1031,2023,India,Total Renewable Energy,2252.883799275913
1032,2000,Germany,Total Renewable Energy,1744.6274754887006
1033,2001,Germany,Total Renewable Energy,2309.6006769612004
1034,2002,Germany,Total Renewable Energy,2720.8817016741423
1035,2003,Germany,Total Renewable Energy,2593.1977325017133
1036,2004,Germany,Total Renewable Energy,3595.130908587283
1037,2005,Germany,Total Renewable Energy,2499.306288736131
1038,2006,Germany,Total Renewable Energy,3658.613205768128
1039,2007,Germany,Total Renewable Energy,1621.8925427798567
1040,2008,Germany,Total Renewable Energy,3321.584491791407
1041,2009,Germany,Total Renewable Energy,3686.320969376213
1042,2010,Germany,Total Renewable Energy,2295.8746459526265
1043,2011,Germany,Total Renewable Energy,910.3810249062876
1044,2012,Germany,Total Renewable Energy,3184.790624545341
1045,2013,Germany,Total Renewable Energy,2197.6440106239984
1046,2014,Germany,Total Renewable Energy,2909.305399297932
1047,2015,Germany,Total Renewable Energy,3041.5213117132253
1048,2016,Germany,Total Renewable Energy,1863.6945694364815
1049,2017,Germany,Total Renewable Energy,3292.723225609536
1050,2018,Germany,Total Renewable Energy,2860.1850865886777
1051,2019,Germany,Total Renewable Energy,4040.683504420762
1052,2020,Germany,Total Renewable Energy,1095.9041363329045
1053,2021,Germany,Total Renewable Energy,1887.4672061361812
1054,2022,Germany,Total Renewable Energy,2952.072365378304
1055,2023,Germany,Total Renewable Energy,3126.171905445863
1056,2000,UK,Total Renewable Energy,2915.3957169958967
1057,2001,UK,Total Renewable Energy,4243.975133535502
1058,2002,UK,Total Renewable Energy,2992.3599411298355
1059,2003,UK,Total Renewable Energy,3596.2888208298878
1060,2004,UK,Total Renewable Energy,3146.965153545617
1061,2005,UK,Total Renewable Energy,2768.744634986823
1062,2006,UK,Total Renewable Energy,2553.8775276758784
1063,2007,UK,Total Renewable Energy,3526.9394323829747
1064,2008,UK,Total Renewable Energy,2823.00351708707
1065,2009,UK,Total Renewable Energy,2766.464237285119
1066,2010,UK,Total Renewable Energy,2566.259165611812
1067,2011,UK,Total Renewable Energy,1703.7762764154418
1068,2012,UK,Total Renewable Energy,1796.273415496362
1069,2013,UK,Total Renewable Energy,3021.123520260136
1070,2014,UK,Total Renewable Energy,2812.034713693706
1071,2015,UK,Total Renewable Energy,4628.164752996172
1072,2016,UK,Total Renewable Energy,2669.6162281438483
1073,2017,UK,Total Renewable Energy,2620.777525796779
1074,2018,UK,Total Renewable Energy,1418.660745862797
1075,2019,UK,Total Renewable Energy,3130.5392538952187
1076,2020,UK,Total Renewable Energy,2879.867201372323
1077,2021,UK,Total Renewable Energy,2560.5336349314275
1078,2022,UK,Total Renewable Energy,3191.256012263406
1079,2023,UK,Total Renewable Energy,3319.635818412611
1080,2000,France,Total Renewable Energy,3176.053016144782
1081,2001,France,Total Renewable Energy,2551.080576266058
1082,2002,France,Total Renewable Energy,3716.3894034734976
1083,2003,France,Total Renewable Energy,2091.496363333603
1084,2004,France,Total Renewable Energy,3376.6115367685693
1085,2005,France,Total Renewable Energy,2867.675525420011
1086,2006,France,Total Renewable Energy,3396.3780494018083
1087,2007,France,Total Renewable Energy,3679.270482289221
1088,2008,France,Total Renewable Energy,2704.0755690734286
1089,2009,France,Total Renewable Energy,3788.593381038621
1090,2010,France,Total Renewable Energy,3707.683749133144
1091,2011,France,Total Renewable Energy,2842.023278316334
1092,2012,France,Total Renewable Energy,3656.681704617294
1093,2013,France,Total Renewable Energy,4001.457554903891
1094,2014,France,Total Renewable Energy,2560.28195072116
1095,2015,France,Total Renewable Energy,2987.631026657516
1096,2016,France,Total Renewable Energy,2167.182794610928
1097,2017,France,Total Renewable Energy,3390.0504671034773
1098,2018,France,Total Renewable Energy,3547.813932207805
1099,2019,France,Total Renewable Energy,2370.9038175671285
1100,2020,France,Total Renewable Energy,1798.9018092989406
1101,2021,France,Total Renewable Energy,2596.100387417184
1102,2022,France,Total Renewable Energy,3142.900919479857
1103,2023,France,Total Renewable Energy,3708.9037999007846
1104,2000,Brazil,Total Renewable Energy,2939.7377185158234
1105,2001,Brazil,Total Renewable Energy,3322.653512902812
1106,2002,Brazil,Total Renewable Energy,1719.2136059412248
1107,2003,Brazil,Total Renewable Energy,1487.1145852934217
1108,2004,Brazil,Total Renewable Energy,3000.882579238765
1109,2005,Brazil,Total Renewable Energy,1820.100006525699
1110,2006,Brazil,Total Renewable Energy,1505.042960967639
1111,2007,Brazil,Total Renewable Energy,1872.2734411945653
1112,2008,Brazil,Total Renewable Energy,2427.154138226484
1113,2009,Brazil,Total Renewable Energy,3220.8733332961874
1114,2010,Brazil,Total Renewable Energy,2772.1701427815924
1115,2011,Brazil,Total Renewable Energy,1936.060955839772
1116,2012,Brazil,Total Renewable Energy,2808.6879654045124
1117,2013,Brazil,Total Renewable Energy,2626.720283211744
1118,2014,Brazil,Total Renewable Energy,2185.7852130971837
1119,2015,Brazil,Total Renewable Energy,2072.058560545697
1120,2016,Brazil,Total Renewable Energy,1593.602413632273
1121,2017,Brazil,Total Renewable Energy,3230.174598256093
1122,2018,Brazil,Total Renewable Energy,2397.691406921346
1123,2019,Brazil,Total Renewable Energy,2938.460687506879
1124,2020,Brazil,Total Renewable Energy,2732.3148479018105
1125,2021,Brazil,Total Renewable Energy,3389.526125926841
1126,2022,Brazil,Total Renewable Energy,1430.755862518459
1127,2023,Brazil,Total Renewable Energy,1886.813594031151
1128,2000,Canada,Total Renewable Energy,2543.8201610281067
1129,2001,Canada,Total Renewable Energy,3305.625233931129
1130,2002,Canada,Total Renewable Energy,2312.0368865418795
1131,2003,Canada,Total Renewable Energy,3307.962315378893
1132,2004,Canada,Total Renewable Energy,2327.4016122621256
1133,2005,Canada,Total Renewable Energy,1891.9836141109945
1134,2006,Canada,Total Renewable Energy,2144.306847566438
1135,2007,Canada,Total Renewable Energy,1829.4149647177856
1136,2008,Canada,Total Renewable Energy,2906.430812624035
1137,2009,Canada,Total Renewable Energy,3325.554923264493
1138,2010,Canada,Total Renewable Energy,2621.175926121205
1139,2011,Canada,Total Renewable Energy,3192.2880946424884
1140,2012,Canada,Total Renewable Energy,2176.657343858341
1141,2013,Canada,Total Renewable Energy,2856.886542249317
1142,2014,Canada,Total Renewable Energy,1690.027794355196
1143,2015,Canada,Total Renewable Energy,2933.414617202288
1144,2016,Canada,Total Renewable Energy,2980.934205804002
1145,2017,Canada,Total Renewable Energy,2955.3631653572734
1146,2018,Canada,Total Renewable Energy,2925.6522347248288
1147,2019,Canada,Total Renewable Energy,2898.9854193865644
1148,2020,Canada,Total Renewable Energy,2244.38840551788
1149,2021,Canada,Total Renewable Energy,3776.0510361425463
1150,2022,Canada,Total Renewable Energy,1948.953449235985
1151,2023,Canada,Total Renewable Energy,3111.760083896874
1152,2000,Australia,Total Renewable Energy,2594.485554022319
1153,2001,Australia,Total Renewable Energy,2704.0782379594507
1154,2002,Australia,Total Renewable Energy,3307.833141547074
1155,2003,Australia,Total Renewable Energy,2563.7169735908483
1156,2004,Australia,Total Renewable Energy,3166.572863501043
1157,2005,Australia,Total Renewable Energy,2821.7743744799745
1158,2006,Australia,Total Renewable Energy,2323.433388581359
1159,2007,Australia,Total Renewable Energy,3823.0107150217223
1160,2008,Australia,Total Renewable Energy,2737.527509826466
1161,2009,Australia,Total Renewable Energy,3994.024866399661
1162,2010,Australia,Total Renewable Energy,3254.69907099334
1163,2011,Australia,Total Renewable Energy,3671.5918016978735
1164,2012,Australia,Total Renewable Energy,1944.784951939714
1165,2013,Australia,Total Renewable Energy,2124.7142376350635
1166,2014,Australia,Total Renewable Energy,3074.385475256156
1167,2015,Australia,Total Renewable Energy,2487.060427713204
1168,2016,Australia,Total Renewable Energy,2041.816066734072
1169,2017,Australia,Total Renewable Energy,3215.992504849376
1170,2018,Australia,Total Renewable Energy,2259.5263810910565
1171,2019,Australia,Total Renewable Energy,1916.4956648873035
1172,2020,Australia,Total Renewable Energy,2327.488255054132
1173,2021,Australia,Total Renewable Energy,2440.932473177017
1174,2022,Australia,Total Renewable Energy,2286.3805439954917
1175,2023,Australia,Total Renewable Energy,3027.057034177034
1176,2000,Japan,Total Renewable Energy,2083.99526229356
1177,2001,Japan,Total Renewable Energy,3412.018100276068
1178,2002,Japan,Total Renewable Energy,1874.3794847800116
1179,2003,Japan,Total Renewable Energy,2296.926790571604
1180,2004,Japan,Total Renewable Energy,1811.784659683088
1181,2005,Japan,Total Renewable Energy,2818.883172325718
1182,2006,Japan,Total Renewable Energy,2668.5382965851504
1183,2007,Japan,Total Renewable Energy,3141.524131721502
1184,2008,Japan,Total Renewable Energy,2139.651630165129
1185,2009,Japan,Total Renewable Energy,1442.3984367564071
1186,2010,Japan,Total Renewable Energy,3733.227183152709
1187,2011,Japan,Total Renewable Energy,2501.211261351078
1188,2012,Japan,Total Renewable Energy,2878.706310472092
1189,2013,Japan,Total Renewable Energy,3509.1892618050265
1190,2014,Japan,Total Renewable Energy,3945.955386928737
1191,2015,Japan,Total Renewable Energy,1762.3891623902614
1192,2016,Japan,Total Renewable Energy,2168.008321390181
1193,2017,Japan,Total Renewable Energy,2633.7522825025208
1194,2018,Japan,Total Renewable Energy,2314.749312316023
1195,2019,Japan,Total Renewable Energy,3097.879573755427
1196,2020,Japan,Total Renewable Energy,1487.787681789187
1197,2021,Japan,Total Renewable Energy,3533.28326891069
1198,2022,Japan,Total Renewable Energy,2880.8919104923502
1199,2023,Japan,Total Renewable Energy,1792.878545839327
