Country Name,Country Code,1990,1991,1999,2000,2001,2002,2003,2004,2005,2006,2007,2014,2015,2016,2017,2018,2019,2020,2021,2022,2023
Afghanistan,AFG,,,,174.930991430166,138.706821676113,178.954088379235,198.871115728727,221.763653873013,254.184249149336,274.218553561575,376.223152003876,625.054941813938,565.569730408751,522.082215583898,525.469770891619,491.337221382603,496.6025042585,510.787063366811,356.496214115892,357.261152798144,415.707417059086
Albania,ALB,617.230435515505,336.586994504629,1033.24253162418,1126.68334010717,1281.6598256178,1425.12421860142,1846.12012081207,2373.58129170055,2673.78781583529,2972.74362094736,3595.03829536404,4578.63320812155,3952.80357364813,4124.05538986272,4531.03220675893,5365.48934672897,5460.42823730592,5370.77862312929,6413.28328605026,6846.42614266044,8575.17113446213
Algeria,DZA,2445.18332740258,1759.11201648229,1596.11822239025,1772.92869122761,1896.30020878013,1937.46411413019,2283.77299346126,2816.99384960555,3233.13339634212,3660.66104745322,4167.45169937531,6094.69392314956,4685.05902729002,4424.98529027556,4554.66753957828,4577.21029180491,4468.45341883656,3743.5419522929,4160.55926736925,4961.55257664733,5364.02795022731
American Samoa,ASM,,,,,,8972.69636535698,9197.66196836987,8958.42866697173,8831.26975996609,8745.16621137404,9231.37240924563,12026.3344929488,12727.4102651386,12843.3342903627,11863.6839452565,12552.0546868861,12886.1359517218,14489.2586563775,15236.1604875571,18017.4589383973,
Andorra,AND,19563.6574722488,19533.2620668023,18875.2883698571,21810.2487431414,23511.2951475737,26528.130158144,34063.5784034776,39021.1278101878,40829.801876968,43467.2109930745,48336.2283329823,44369.659691379,38654.9347203095,40129.8192007698,40672.9943348258,42819.7745797624,41257.8045846483,37361.0900666982,42425.6996756291,42414.0590092117,46812.4484486309
Angola,AGO,965.866840464665,881.919488130062,392.725539027496,563.733795571487,533.586202412447,882.147847234303,992.698979254665,1266.21086410236,1916.46842218625,2617.05196022633,3141.0459797605,5005.9997412707,3213.90261080059,1807.95294072643,2437.25971190821,2538.59139143371,2189.85571407618,1449.92286669308,1925.87466082167,2929.69445467272,2308.15976731274
Antigua and Barbuda,ATG,7590.34333226449,7956.0068690332,11341.9327072844,12021.463208189,11535.7742945854,11657.3487497259,12171.3773760407,13036.0075900543,14366.2912765172,16172.2513541282,18203.5151277783,15533.4831254394,16080.6580495873,16557.843174789,16924.7894487758,18273.4270684912,18884.3729680383,15360.4544160475,17340.3790692554,20117.7653310355,21787.1017315914
Argentina,ARG,4315.33329358672,5709.24784079504,7705.54288252851,7637.01489203628,7141.47507662826,2569.69963519124,3320.47775133903,4242.02099089422,5067.65342293276,5869.38028970204,7185.25155147027,12233.1444119186,13679.6264980954,12699.9623137756,14532.5009308511,11752.7998922979,9955.97478680428,8535.59938004389,10738.0179223384,13935.6811110049,14187.4827252965
Armenia,ARM,635.355327502517,572.740260900977,582.669886150895,593.450581742282,659.588988535629,742.651118319819,882.030167695474,1130.08791444158,1557.48458908655,2041.65267068997,2962.70234594569,3852.11800610384,3512.39350276709,3524.42476874707,3869.05373867752,4196.00562301769,4597.22887399548,4268.68093304583,4685.17997128509,6571.97445545099,8053.01066312345
Aruba,ABW,12187.5363611898,13233.9905169683,19216.1972354472,20681.0230269625,20740.1325828172,21307.2482505267,21949.4859960868,23700.6319899197,24171.8371325422,24845.65848362,26736.3089444046,26129.8390617693,27458.2253310273,27441.5296617282,28440.051963759,30082.1276448186,31096.2050738676,22855.9323200761,27200.0610793969,30559.5335346581,33984.7906198041
Australia,AUS,18249.3014538169,18859.9074576986,20712.6697805564,21870.4159669594,19695.7297379144,20301.8431713256,23718.1338501868,30836.7306824685,34479.7679298388,36595.7071548423,41051.6120652288,62544.0873773726,56739.0265346593,49888.0410842736,53901.7145392154,57196.4220783778,54972.7017885437,51791.540179984,60607.7788605166,64997.0136536475,64820.9117890026
Austria,AUT,21596.068219998,22323.1312492943,27078.7081612201,24487.2974685956,24430.495982841,26334.862215032,32110.1159661425,36614.2506533707,38157.37022862,40382.2078298575,46622.9622913635,51314.9722616322,43915.228020857,45061.4993920192,47163.7425775142,51194.0749841299,49885.9947355204,48716.4098900349,53648.7190742245,52176.6649141178,56033.573792065
Azerbaijan,AZE,1238.27189274842,734.944232805688,573.893528734031,655.097249579917,703.670998584686,763.108895463487,883.692580745256,1045.0136328106,1578.36733030667,2472.95725732287,3851.33015175141,7890.84028062087,5500.50364628486,3880.6852276838,4147.1981423222,4739.7943123408,4805.75371765917,4229.91064904503,5408.04535175023,7770.594223351,7125.90858368611
"Bahamas, The",BHS,11473.3008389353,11082.3528573617,24041.0933188158,24940.0775086078,25371.9237667614,26781.6195938652,26429.1247787663,26650.2934234303,28602.4181869995,29184.7865087908,30051.8489587756,28705.6170840548,30289.4022514831,30266.5859220987,31337.1832464755,32124.4051059669,32979.5401279534,25155.6725432789,28682.3270000732,33044.388209429,35896.50510715
Bahrain,BHR,9342.53891401688,10434.1323962786,12123.3534715368,14214.4836839343,13573.2339887597,13501.4708801425,14486.0269029822,15963.9493171617,17966.1657837625,19267.282615072,20908.4042548073,26451.7965647453,23734.0551143019,23800.001440631,24784.7693514607,26324.4066549559,27259.7438599327,24342.8444554718,27147.8083882286,30616.2610677495,29218.8605634137
Bangladesh,BGD,283.053737055234,272.064948495878,388.095684268235,396.670730249751,394.65641001891,393.886422327628,426.74880754362,455.614016909798,480.08585075452,490.388026533289,537.955492792911,1094.46199702838,1224.38647668165,1649.28380858601,1811.08221668646,1965.24372731467,2129.79896954606,2248.85078828233,2482.84917843357,2716.48592677835,2551.01772674142
Barbados,BRB,7781.40573306125,7790.26229439159,11244.3087668392,11674.6736471764,11639.5160522054,11760.4524736133,12075.9587020649,12886.3665272467,14214.4202213572,15619.6005955511,17235.4396434785,19277.9423599235,18954.2913724506,19065.8069800213,19692.7606711615,20055.915870771,20583.7265786414,18347.1109131055,18696.7858952957,22164.0260273876,23804.0249914995
Belarus,BLR,1706.64091882343,1805.45592531527,1210.5874393672,1276.28038121269,1244.37318523431,1479.38066337175,1819.52653114699,2378.33700470129,3126.07176665248,3848.22350300163,4735.48107556066,8341.29014337961,5967.06856034227,5039.77560949445,5785.53397723676,6360.05310087258,6837.76832136779,6542.8645398436,7489.71894713888,7994.64806074889,7829.05313660622
Belgium,BEL,20600.3752789827,21041.6606519648,25252.8019066564,23098.8865077401,23015.0712632462,25006.191397109,30655.2092679024,35429.4077933344,36809.7013403619,38705.1067959147,44319.165448813,47995.7786961339,40893.804537772,41854.5498296444,44035.3239358548,47487.2100392561,46716.6227467964,45906.2875805246,51655.7883303715,50807.2047084918,54700.9093236712
Belize,BLZ,2988.64952260263,3192.36526946108,4291.83168210625,4729.67080428075,4721.81625660785,4861.74314184267,4962.08962013799,5156.09817143194,5272.74417207961,5527.16775856439,5765.28199932455,6128.14288539305,6154.49593498217,6142.49873185177,6072.58267640581,6031.28139580144,6190.04792278445,5227.19363786168,6122.61158580079,7068.45478269722,7459.99815132837
Benin,BEN,371.101604332357,364.689296016645,525.130597245974,487.424141384242,492.401499509072,546.463829658159,676.002878084282,758.695803786371,779.437777753268,809.147072506221,912.338247188342,1204.39918700511,1002.41886882564,1010.53389609187,1054.97408141687,1151.74096952152,1130.82135304977,1197.50136428063,1318.83497843483,1264.70765976655,1394.37330217623
Bermuda,BMU,27665.525808301,28195.7091611479,54388.3417315621,56542.9569455727,59490.2452034202,63358.5658652763,67106.8028083224,71692.1589001679,77628.103522508,97781.4558996721,107395.651483891,100961.576602811,104855.366822135,108747.356144305,112339.425587467,113204.82210838,115798.040775578,106973.175732348,112712.025120653,120897.311155385,125841.602522489
Bhutan,BTN,488.327431477129,400.634705187075,685.419830628567,771.924911410619,812.238210772056,895.799489930972,1022.38240311018,1130.35934606796,1299.94938578359,1405.6071618158,1850.41570433398,2849.49998659935,2954.04081973327,3152.30905081592,3435.28804814561,3400.20417159422,3576.87987077877,3191.66907031782,3570.61257915864,3711.32767902157,
Bolivia,BOL,682.67681029538,733.935487602519,979.344494964572,975.777060358751,930.168227214313,888.221328974352,893.013760211149,953.191893246277,1020.12326200737,1202.71150446327,1354.54905949929,3041.43503118107,2996.01289804214,3035.8734778704,3306.30301176558,3500.72642189371,3503.8960106182,3099.94219044572,3384.84486479247,3643.92826968677,3686.27996490544
Bosnia and Herzegovina,BIH,1742.88262171767,1373.37104472973,1134.60298042083,1338.48059636261,1387.89365131544,1606.54672243362,2033.94700935864,2452.68616839392,2739.61076866057,3166.12865344833,3931.48948737505,5206.06558252,4662.25883724069,4928.5665251728,5345.01985489192,6047.84584261133,6122.3753450882,6130.31133245161,7295.3438240957,7655.59421024383,8638.66620201187
Botswana,BWA,2903.15381562611,2938.59442659608,3339.99596033431,3450.81180622992,3206.07123689853,3117.25087183011,4230.12326909926,4956.69287735214,5391.07076619634,5291.58379144849,5529.12574632532,7122.36423421503,6141.20394726616,6749.05994339013,7104.96401088027,7407.95940141786,7172.08956480028,6323.31419156209,7808.20623956293,8329.04032229144,7820.23240375076
Brazil,BRA,3117.73534721624,2257.6092968885,3493.57162513699,3766.54811466032,3176.28935747524,2855.94018885769,3090.6070097455,3663.823188064,4827.78173052472,5934.1447107274,7409.69130727951,12274.9939689363,8936.19661756825,8836.28652636996,10080.5092817775,9300.66164936497,9029.83326742175,7074.19378281866,7972.53665048385,9281.33334441234,10294.866680778
British Virgin Islands,VGB,,,,,,,,,,,,,,,,,,,,,
Brunei Darussalam,BRN,23658.7166330381,23932.1897530199,19752.2013169229,20130.2571493081,18287.8271687345,18621.2922677806,20677.9001224663,24423.0947731021,29386.2703597208,34674.7995990594,36217.3291010089,41026.508391054,30625.128732694,26663.2973199878,28024.3824618568,30988.1190497851,30426.5730284202,26834.3592463839,31006.9636220576,36632.9280421411,32962.9065121916
Bulgaria,BGR,2366.52982128614,1267.73437541485,1659.71861105493,1621.26210738992,1770.90704918691,2092.98288625558,2719.49436859287,3389.68743360274,3899.82596332878,4523.1465578805,5888.77685220636,7912.27484371138,7078.86032298969,7570.93165511708,8381.88134621669,9436.14479876055,9838.60058985384,10198.5388313404,12274.0775950496,13644.201582807,15885.5391311331
Burkina Faso,BFA,338.593759055128,333.70605512636,292.836958697313,248.908526921752,259.485223380436,285.654087637533,362.373899996953,403.81283743461,441.164148016012,455.513655620024,514.684451177238,764.861675106225,630.124750752312,663.742364842886,709.091535894695,777.465618514048,764.853077774946,825.237038782475,895.535288442991,836.118304593682,882.689810086163
Burundi,BDI,202.629446176297,204.668258398817,127.51419578119,134.537861752389,132.159554541932,120.952308575468,111.406682804391,125.194965184533,147.234619294225,161.892755640319,166.162744906755,250.540481111877,280.966831311923,235.286205393908,236.694472592753,224.89939239264,210.236494521532,210.008139902508,214.091455416133,250.634225368744,193.007145564804
Cabo Verde,CPV,817.442925539738,831.61388764249,1326.74466945164,1189.51479345891,1223.33055331575,1328.57874270666,1717.97565369655,1929.49081468781,2004.14680417563,2256.99666191075,3324.57675212498,3985.60706548134,3415.06266730931,3608.96606551232,3893.09572292025,4294.96510456428,4380.7811916403,3539.22662027109,3971.4440744985,4323.31362665974,4850.98415849643
Cambodia,KHM,190.181470036159,267.336306726982,286.753596443196,296.426687526334,327.500984314444,350.147276634294,386.691123931778,444.199067529081,525.797325120926,612.252648550727,731.692295125426,1431.56396469993,1547.32010444393,1675.19555711109,1826.35391688754,2036.67377566578,2225.87705485686,2081.73914242939,2167.40324198499,2325.03050040841,2429.74853452838
Cameroon,CMR,1086.71700937081,1014.82897292999,796.262649784591,708.565731625965,715.470296470585,789.623811072554,988.241276791846,1133.39326749673,1142.62466252106,1191.45458990968,1325.67248215933,1649.4433905949,1415.00009710569,1441.7201725688,1496.08951771242,1610.69641591017,1555.22660476477,1555.60370660749,1672.32657340872,1604.87726954895,1736.86091073524
Canada,CAN,21525.8611387148,21846.7930471354,22315.2466731545,24271.0020563821,23822.096210932,24256.0192337185,28301.8645937428,32145.5412620217,36383.6600068095,40504.0370977806,44660.0838892281,50960.8431174661,43594.1941045394,42314.0615817218,45129.628116623,46539.1761570405,46352.8693445211,43537.839298904,52496.8441693242,55509.393176404,53431.1857063879
Cayman Islands,CYM,,,,,,,,,,87085.0937376216,89888.2618212462,75845.3060407986,76379.2095108681,77802.2541567187,80053.9444506891,83865.5531568184,88254.2903677044,82338.7982853661,86438.445257404,92202.1478031576,97749.5078960846
Central African Republic,CAF,501.656200636394,464.828283626364,267.995954011083,239.154133726071,237.951702544735,248.639290978403,278.403992150941,303.461321152782,311.950023138687,333.942519903031,380.887048839475,409.8504859647,366.322853938121,387.176203444318,432.324025684263,455.243962859534,449.228467602439,462.879071294011,492.263142830507,467.359825026238,495.978897153068
Chad,TCD,290.599045262191,302.487268390603,186.638531146223,163.121663683369,194.32295331156,219.061391951349,289.087621122168,445.850767157087,643.807929251964,693.854591777338,780.581405973967,982.527563074226,747.588448455507,668.078636142918,640.117048532702,695.642393675941,678.142035723965,622.095543396442,660.747192555507,671.720147647873,680.639877912029
Channel Islands,CHI,,,42443.7199726991,43479.1940767689,41873.7406146127,44459.7318188977,48570.7796632166,56259.5344226334,57647.1188908006,62745.1006593557,74139.97799443,64700.7425701916,61852.0736534587,55950.1485360363,55806.5709126142,60783.3533081111,60568.1085272721,56785.9402392525,66912.1750054447,67627.3082341446,74589.1380225191
Chile,CHL,2466.13014237644,2770.07964567151,4933.55581516755,5052.99245768719,4563.5952986689,4430.84741157069,4773.40177520754,6120.59152052304,7480.3233099645,9318.65655299547,10346.4138184533,14529.6767210362,13433.9202985339,13649.8520455553,14879.9086230423,15659.4808675628,14495.716721687,13114.815470545,16216.5706467899,15451.1319576678,17067.8136150601
China,CHN,317.884673040928,333.142145400184,873.292336318005,959.360431369138,1053.11231442789,1148.51425710711,1288.63749134336,1508.66791560781,1753.41419160544,2099.2194300499,2693.95873160283,7636.07434020616,8016.44559489998,8094.39016735149,8817.04560829162,9905.40638304527,10143.8602206165,10408.7195541075,12617.5051041181,12662.5826712038,12614.0617416421
Colombia,COL,1474.8455285342,1499.71104164399,2243.64204956242,2555.00751039968,2472.99084035833,2428.92969771584,2311.94218760291,2818.57195413044,3456.06610874512,3789.85361217027,4769.926147194,8187.20824890084,6248.51490534512,5959.84250367574,6479.53231292429,6816.96818309544,6472.54544924705,5339.68711357943,6222.62164397614,6674.59601948063,6947.35928681966
Comoros,COM,966.320384629832,930.969561376057,727.258360072926,655.007796688241,691.699908770798,762.116930318449,959.787894504834,1091.27216412426,1103.20658498402,1154.90422349749,1289.73631056361,1615.71723662012,1329.37048235986,1365.48403444497,1423.9248027797,1540.71132257526,1519.26386436068,1527.16991011916,1584.12450153608,1489.49566257969,1590.31237688317
"Congo, Dem. Rep.",COD,254.872656292509,239.624772790716,96.3192243479286,377.925421481395,142.678142604412,162.38052907429,161.491553524396,180.664764963633,203.561668860749,238.417639415512,267.88850879878,458.004541775676,467.9145805459,442.310472110228,436.584534687385,528.256019777898,557.044161335917,507.521230077872,558.034077296358,642.612265820033,627.502181690836
"Congo, Rep.",COG,1175.66709098428,1112.53521242945,776.416349733937,1024.30159109181,854.598314408095,905.538135544704,1016.82363412143,1306.10136324599,1799.05158366154,2103.5821381211,2206.47101863414,3601.2365808718,2439.35189403696,2093.10728558843,2211.63309874797,2694.43413191427,2488.42466724916,1993.586671931,2516.16255145432,2620.83804267402,2477.97845544866
Costa Rica,CRI,1829.6687089559,2253.38191508071,3690.96154778297,3812.75388284924,3985.12984506207,4067.71851429092,4173.14856415514,4431.0117207843,4703.00721784778,5256.59640859159,6137.71199925542,10911.497878334,11714.7105980732,12091.0301606154,12317.0902771304,12590.2493781614,12884.6859951989,12394.0493969492,12838.1185358931,13625.9008491328,16942.0268119375
Cote d'Ivoire,CIV,885.647842214928,827.241889166985,1096.13520587572,936.636541348798,924.727294962066,967.815864415991,1111.17135087887,1199.82524528546,1197.74616979415,1230.43056838584,1367.53817722326,1991.36539423404,1814.71855088017,1862.59597081287,1964.29930338343,2130.86619381144,2141.76836170115,2179.72934832935,2455.98127641148,2308.70654660366,2530.84659301723
Croatia,HRV,5369.10978590681,4000.91677428625,5269.03394637289,4953.65158789022,5364.83824691607,6219.58164143945,8190.11135193887,9718.97322801967,10443.5278353294,11502.753124287,13757.605654192,14187.9694531493,12285.3032582105,12821.1738140304,13902.6310485422,15460.4183295843,15563.8167397199,14808.4620188819,17789.9304736722,18466.0955472648,21865.4562838641
Cuba,CUB,2694.31697957692,2268.83493247194,2561.77980406838,2751.3817714814,2842.96704310394,3005.21104247868,3202.78109865637,3399.21962893402,3786.33799225291,4329.98265964383,4807.43888960684,7146.70459051328,7727.91997207998,8110.55873961397,8610.60829531998,8911.46205964193,9232.26115935183,9605.26125067263,,,
Curacao,CUW,,,,15841.2612359949,16609.8454536485,16723.6925253468,16695.7351137757,16671.3403391655,17032.3356620744,17400.1637780186,18005.7165850772,19623.029993395,19361.8130008678,18944.0961493998,18938.2440469703,19119.1243941688,19220.6866958303,16356.0933594414,17980.0888397547,20501.7522782219,22192.4453028535
Cyprus,CYP,9641.5751953125,9696.099609375,15287.91796875,14388.3525390625,14821.44921875,16093.2158203125,20252.24609375,23792.619140625,24959.26171875,26729.28125,31244.87890625,27244.3515625,23487.228515625,24715.154296875,26696.990234375,29599.986328125,29703.052734375,28649.015625,33734.29296875,33938.9453125,36551.41796875
Czechia,CZE,3969.36733543794,2917.08655474323,6377.6211077224,6062.92152842793,6669.07494847497,8101.26018588111,9852.45677945801,11782.5546676117,13442.4916284309,15259.0788162004,18452.6532812196,20038.4163180257,17931.5987670768,18753.9686718096,20913.197632212,23705.9329811299,24062.7190013343,23472.8915454417,27696.4619527544,28282.2236715857,31591.1770732969
Denmark,DNK,26885.6994188191,27002.8057705804,33426.2381077405,30722.0251837567,30768.4775471112,33257.1622586509,40519.0974905924,46625.050098011,48925.8076698784,52119.1787984282,58631.6566433635,62520.4509747011,53094.0133607574,54500.9260410217,57521.5514992225,61324.7665045565,59404.2663247723,60985.4885601514,69727.9873677012,68091.3191138669,68453.8769281145
Djibouti,DJI,780.497719360725,732.733101553782,740.21930978973,737.612183644052,742.133791107063,743.013270420348,764.634465224597,806.261652944964,844.4483573908,898.464628136774,969.573220191902,2208.67810285113,2376.12554719873,2510.4300076241,2618.95521147369,2718.0853229414,2837.17103336917,2881.99924450145,3019.69343880209,3231.30015326477,3554.83918868372
Dominica,DMA,2892.9815966454,3171.36577815405,4817.18105502046,4867.39896323759,4981.89584851956,4873.64220013013,5009.57393166758,5348.94900144212,5299.49596350504,5671.77065738238,6120.44205374343,7395.30259658718,7679.83293618857,8278.44768597003,7614.34028048137,8137.56520624242,9009.09011545429,7461.77933220095,8262.65091316727,9085.67412772363,9832.99643050057
Dominican Republic,DOM,989.163941207659,1345.84673690623,2620.8896817272,2831.45883638033,2935.89367312668,3065.60329524196,2383.26171780393,2451.69161616569,3878.31206735244,4055.14270347371,4649.64558875814,6512.50771431953,6819.93225155181,7174.82349574,7499.69286187019,7934.98141208525,8164.22080932117,7162.29175242114,8472.47982000992,10109.5234003521,10717.6276712204
Ecuador,ECU,1455.00748510871,1587.36049996672,1575.30234730971,1382.23421759909,1791.30359685037,2059.1585535974,2315.62215223014,2586.20914663347,2909.02606014388,3243.67010359339,3478.92488770671,6405.79979300441,5976.1596805651,5917.63771271481,6233.32244797718,6303.91892523596,6205.05759479761,5463.64509649315,6075.8026572556,6540.99824522101,6609.80408154957
"Egypt, Arab Rep.",EGY,735.982935028025,622.829605007867,1268.30949160496,1366.09274372613,1295.1374184163,1116.82884626213,1031.27556291284,991.255689145253,1104.80340733395,1298.97900203124,1547.74170735909,3133.39102265541,3306.98159414141,3270.6287768197,2395.10333299491,2484.70315630508,2962.98892023003,3511.11381026379,3827.35415374308,4233.30783744856,3457.45691570455
El Salvador,SLV,892.18271519703,955.826897421092,1908.0804545224,1982.87093542615,2058.04459070452,2115.41187355626,2207.83089518069,2285.68907438892,2447.39140845394,2665.61807194853,2830.65693770733,3666.01248913873,3790.34089108162,3901.34014965811,4020.12671373919,4183.54620971358,4320.11671534627,3997.19279583709,4642.60743101342,5093.51833879776,5391.06926181338
Equatorial Guinea,GNQ,236.402188376265,225.319378519763,930.912549299779,1487.3165506701,1948.61145907844,2264.21065580365,2930.60183743733,4901.30127408119,8673.9026086535,10184.8841248541,12616.9532942011,15548.6624656619,9068.91003238645,7453.19797948517,7809.10465655488,8102.47084834031,6804.14923073888,5764.05502912947,6945.63069794539,7589.29964909381,6677.793435386
Eritrea,ERI,,,311.336209255125,314.357396753501,325.409161513593,304.775756465092,348.950327077742,426.840947887032,412.753079199423,447.997404727201,480.44762365456,,,,,,,,,,
Estonia,EST,,,4140.93660232167,4070.60902410208,4502.66614992392,5343.18310760735,7205.40703313243,8916.0728274602,10414.6381183565,12641.4800976473,16745.4308011148,20581.7898991695,17722.1557669523,18666.3736521706,20851.5223496861,23618.1361254581,24021.2501413306,23933.9939421065,27953.7670230126,28451.1477825175,30133.304450454
Eswatini,SWZ,1277.69173005665,1273.01224518903,1501.66426653189,1668.9749133064,1467.5389023828,1351.86550182919,2060.18418135789,2581.24172793045,2945.36394872311,3035.06156119205,3180.86121498525,3740.69277623691,3393.53367834668,3223.92004062357,3831.42595273032,3986.10557163026,3894.32951592818,3442.3216527415,3926.48687364215,3852.08573272946,3610.60879677551
Ethiopia,ETH,262.108971053707,277.565910365091,120.734631499865,122.269202606069,118.457204255261,109.593813612988,116.800491132777,133.169812538096,158.243458082465,189.345737521418,237.146255996319,549.986577082588,621.845673808133,696.195884706786,745.632449222154,747.968143637014,828.70897229725,905.313175805855,910.947840320752,1011.0732858233,1272.01628209211
Faroe Islands,FRO,20125.7940710069,19163.9593395877,24978.6210817538,23322.7593357515,24879.7729617864,26937.6505602847,31269.6031997217,35647.5440400531,36389.081644098,41743.6812847661,48348.7393711011,60172.0632541664,52635.0375463609,56875.2803813296,59384.9862077969,62524.0387361638,63064.6343127366,62236.0866558197,68736.505610554,66108.733645837,71717.7042204698
Fiji,FJI,1728.94076871199,1774.99211138118,2327.95720514091,1995.72071163264,1944.997414609,2136.56794118683,2655.58079586044,3097.19096651759,3377.69126953493,3455.10599907349,3762.74692789299,5293.35679137747,5097.53108832569,5363.79025590254,5826.84814087383,6085.41979209299,5950.82868635508,4844.42129036462,4696.17101880318,5405.03007408295,5888.73668639357
Finland,FIN,28366.204276071,25488.8450525604,26180.4128562349,24335.9225082659,24965.202996776,26989.389260959,32920.0857192568,37768.1334202029,39049.8703780223,41214.0187765069,48473.0240091455,50073.7760815871,42560.3456767103,43451.2562442158,46085.0174739036,49654.2497035329,48358.1807773701,48828.6846862799,53099.1351400148,50438.4753952355,52925.6897638424
France,FRA,21586.4674617483,21500.7778366233,24576.3152254528,22340.5939516217,22331.7948343036,24144.5727019529,29479.5222101175,33644.9282220364,34696.3718316971,36431.5658906555,41486.1907828787,43148.0459288416,36702.4323733379,37024.2157133669,38687.1626407164,41418.1766484844,40408.2848574751,39169.8606000707,43725.0999521245,41082.8119320747,44690.9345395117
French Polynesia,PYF,16293.1823294474,16414.8132696888,16532.9022343754,14978.324104668,14640.9360062298,16004.0583292112,19582.8936395312,21764.2203208782,21984.1936230719,22330.8676659055,24888.1781337361,22258.6321384251,19166.9594761931,19690.0775734589,20826.9312492172,21925.616043938,21582.5892046801,20746.2720428286,21982.9038942614,20738.6499971661,
Gabon,GAB,6050.71468999523,5345.0965303052,3751.35318950625,3982.906200928,3835.75718279727,3966.48001864663,4710.74862768151,5465.79193590708,6547.87613955186,6847.00985685394,8003.54289696049,9201.36276648105,7047.12654634355,6677.07003901644,6921.73373135624,7624.2775233771,7441.1786472281,6605.80346077565,8181.40914134656,8409.2074145028,7802.83659565049
"Gambia, The",GMB,300.639895740381,627.578919318827,575.459893151216,538.054072348854,459.803068381399,376.531026962584,308.719123437587,593.285346326581,616.483657865348,614.544307904464,724.726407242432,568.00453558864,619.536364296461,650.056501323611,642.522641296331,696.219806960615,738.186751987483,720.335143352133,781.890925169531,836.244875868476,888.157407724123
Georgia,GEO,1610.98027146868,1310.97315894409,673.537782887275,749.908534993961,801.98383707929,853.526171868939,1010.03151630868,1305.04748557208,1642.78359414797,1996.02013272284,2635.36650276116,4830.33486170249,4086.6223465965,4143.40125686315,4418.75206546679,4804.0546040444,4741.2832715876,4300.85701291207,5083.60695484577,6729.84659930283,8283.66960242964
Germany,DEU,22385.6778250275,23443.3350818536,26965.4922773722,23925.8559901991,23878.3641471651,25486.5942008748,30711.1022511331,34566.7359143735,35084.4363546269,36980.3349948954,42350.9217211489,48971.0824722599,41911.0109851054,42961.0356905775,45526.5999576533,48874.8595028454,47623.8656074829,47379.765194548,52265.6541620571,49686.1154582583,54343.2265084958
Ghana,GHA,382.54246368354,418.254121349986,403.037326127273,253.746936203344,263.542156494853,297.46164468774,358.39927142073,406.132105329565,478.611909191028,906.441027564887,1050.12461524926,1953.64513603117,1721.69964380717,1913.18673253576,2012.97025750655,2196.61290615342,2186.18924111824,2196.54789313621,2445.50081810782,2240.27945094566,2260.28741289427
Gibraltar,GIB,,,,,,,,,,,,,,,,,,,,,
Greece,GRC,9466.66238502174,10046.6663875475,12742.5404388143,11638.2010697215,12156.9572824221,13782.195640943,18020.612039764,21449.2552764245,22054.1315756886,24416.0232970275,28440.7625328955,21474.7257123892,17980.7298238137,17919.2426377048,18631.9930129293,19873.4015238771,19335.3602002969,17886.733165236,20654.7001960815,20971.8349258283,23400.7278817691
Greenland,GRL,18326.9295023252,18315.3165631906,20170.322763798,19004.0038435698,19275.4339659556,20652.8417042443,27459.8753295461,32023.6820516137,32489.7277309899,35458.2542977474,39780.9441368721,50485.2244135291,44536.3549705377,48181.7453541266,50765.7494665372,54545.135857765,53309.2035905065,54693.0766804265,57116.295770722,,
Grenada,GRD,2782.18396873619,2983.91643158641,4516.28332446682,4839.82811114248,4819.50776653843,4984.47405931447,5427.96377252312,5480.26117644588,6338.56011405358,6344.0383771432,6864.54816771858,7986.33421210788,8694.12438005692,9221.23461079424,9751.42661155932,10083.021279225,10462.7929159533,8968.55890108484,9622.24050459345,10474.2652893842,11246.3451228921
Guam,GUM,,,,,,20909.9590302806,21877.3178371553,23618.8266894573,25631.9776108052,25709.9351488422,26605.4324214756,33900.1486530583,35165.7014644795,35930.6594898711,36779.0078903909,37195.9503070464,39274.9431424899,36482.9363953675,38074.8793745801,41833.1517132825,
Guatemala,GTM,847.688561830359,1014.40279682682,1603.64776144934,1648.96578971559,1537.68663578252,1669.33517469705,1722.54701910774,1840.91184884,2046.46611650758,2225.1234753878,2458.81573919384,3689.14472473545,3893.50521848131,4060.13755621218,4324.99607911366,4352.94651790253,4511.99755157656,4477.61761796418,4913.94712869347,5358.08963795,5762.82174615918
Guinea,GIN,604.304422702532,656.42373119518,610.614842942762,518.157066924026,483.085120214741,495.916073559269,566.48540588068,584.897740538081,463.17768685098,446.980554135348,650.148575304385,765.146999389279,747.356966759448,711.996509782316,833.598621691121,933.273615633705,1031.34146480732,1053.66097696415,1244.96550477914,1416.59612011764,1541.04050914957
Guinea-Bissau,GNB,651.337640650994,672.07387884966,478.733190989909,316.945495037639,327.138431972397,362.034574570354,419.78486611807,431.376557669634,463.073962650452,448.513075469701,519.069789794741,652.022501029449,645.066837207039,679.665386626818,783.123186602022,808.531613218504,807.359903965493,817.780335749159,900.407780831491,853.281304044102,951.242748289294
Guyana,GUY,528.851095342994,466.039938988882,908.790631391797,931.796651718955,931.574723847673,950.866932470993,973.742598054188,1033.31030902188,1084.06541388904,3135.60553528326,3608.28685240188,5472.68820452237,5640.41560569466,5870.87823759835,6178.6650437298,6048.38697180418,6405.82443444562,6775.70939096303,9860.87233445443,17913.4910146288,20765.3503593109
Haiti,HTI,451.720249689216,496.545987433864,509.578585275375,820.600046761464,748.821159844528,720.969568042522,578.995291079709,683.185298155273,775.845704056916,828.805700289589,984.566983448521,1460.18898613914,1411.12684746796,1318.40268167953,1395.23945184461,1496.38048970156,1352.17204191532,1290.32538667383,1835.44394078496,1760.62635668777,1705.77905452248
Honduras,HND,988.459273781288,907.271114551007,1002.19633011186,1092.56400746252,1132.1648753329,1132.49965345317,1156.08162681357,1215.13995412761,1304.70039153826,1425.84780051892,1577.73789197407,2179.88171977271,2271.20265980349,2307.34468351082,2413.0076562942,2464.64241531918,2502.32744328073,2307.61494319511,2735.14751503977,3003.28996826399,3231.65724461936
"Hong Kong SAR, China",HKG,13485.6314525052,15465.9245305858,25091.6665997966,25756.7728723704,25230.3780910304,24665.8362318216,23977.1734120477,24928.1003722551,26649.637724155,28224.0951563146,30593.9511738646,40315.3739510191,42432.1619740441,43734.1980702999,46160.429791493,48537.5668888343,48359.0011950597,46109.2299946609,49770.5642374739,48826.0527728276,50531.7385421945
Hungary,HUN,3312.69823800526,3350.25832349229,4793.47852203763,4624.28165670295,5276.03318905496,6655.33300865319,8419.43087098103,10301.7033946743,11223.3993032598,11489.5608654088,13940.9092761999,14294.2584180751,12717.038597002,13104.6995457458,14621.2395956755,16425.2050299693,16786.2136399075,16131.9540355923,18755.1023464312,18353.298364905,22141.8669799276
Iceland,ISL,25384.9150226302,26802.9895156678,32381.6252356488,32096.3722613695,28897.4439396908,32409.2161491753,39476.6978486684,47334.9306537723,56794.8501588953,57492.9342498703,69495.7267376825,54576.7448146565,52951.6815110898,61987.9263620283,72010.1490316258,74452.1890731447,68452.23622306,59023.5663465778,69325.9078287926,75314.085560994,79636.9548578508
India,IND,371.085936203765,305.574055928592,441.927991436397,442.750218937263,450.357900514128,469.149928973927,544.143133545002,624.258826510066,710.488080408949,801.668353659022,1021.88707706826,1553.88396075118,1583.99815907985,1707.50892912243,1950.10468280866,1966.25455171679,2041.42863698585,1907.04251637669,2239.61384367482,2352.61392452078,2480.79208721621
Indonesia,IDN,578.420121135382,624.387495384411,657.268934667018,763.711124950924,732.307093405708,881.002913569131,1043.2105838671,1126.84004447173,1238.21447629488,1558.31562847164,1823.21976255073,3441.06808455308,3288.22269737572,3521.46943456251,3798.88326177649,3860.95353077708,4106.94856173421,3853.70288778903,4287.17313989405,4730.74548910499,4876.31432703188
"Iran, Islamic Rep.",IRN,2137.94222739878,2194.43906802841,1739.59462001971,1650.01385832603,1881.02266634748,1891.25756092031,2208.99636553529,2672.42266512669,3132.05081925856,3618.9160136791,4687.99166265915,5672.06372896319,4952.73355532178,5477.03712389913,5753.11544659399,4631.78709016514,3831.27894763337,2988.78122414716,4334.79268631354,4405.09291519791,4465.63766994952
Iraq,IRQ,10261.4157706888,22.9521327615352,1560.36466710272,1980.18916038782,1435.695683789,1266.15961275094,817.887862499622,1328.37157628292,1762.39360423421,2276.55435744086,3128.99010329066,6249.39226978969,4440.14189252367,4334.42096404188,4759.2846435467,5646.68932074742,5671.8568632942,4295.18945121228,4868.49431080783,6504.12428393548,5565.12644647176
Ireland,IRL,14031.3025675469,14087.2077980306,26338.1077543817,26334.5672050501,28282.409882073,32705.4345565698,41203.5295847568,47754.2023194244,50933.0216095589,54329.1618599624,61396.417461176,57278.2590911107,64311.8234684057,64292.659966313,72499.3268743015,81248.3135388,82508.4659883582,87567.1148972037,105561.137468992,106194.755859223,103887.800388081
Isle of Man,IMN,11049.8949396235,11768.1058977186,21042.1461816648,21161.3963073772,21819.7123825606,24471.0798814847,28861.6178062918,35564.6023910146,38135.8597885858,42627.5089352891,55040.2437046236,91885.4528718026,84753.5187422732,82025.9454509241,83481.3038489014,89393.8244248812,87127.5517977404,79513.5330346598,94299.969348965,,
Israel,ISR,13284.3794576924,14320.2831935277,19782.2869743593,21660.840378309,20907.1143041538,19034.3175740071,19629.4145135202,20546.2291718399,21226.7213913393,22502.0722209991,25635.926838502,38230.4954049785,36123.9907881129,37556.6272863143,40997.9110240274,42233.2610344935,44140.8289372511,44679.7715799755,52255.6159050999,54930.7261602593,52642.4267486308
Italy,ITA,20873.7834092719,22007.1350964074,22049.9990620261,20190.0035636084,20571.4787737914,22463.5222129968,27618.9417740066,31425.8208728669,32171.793374715,33684.7200358552,38031.9709472716,35750.7197500382,30387.1293187854,31126.3246947273,32554.14668453,34746.3441392416,33812.788724868,32091.4866621366,36852.5425414951,35635.7442204098,39003.3160954123
Jamaica,JAM,1929.59891905857,1710.30058243722,3431.56813468335,3453.09252800226,3503.55026688858,3680.64551727724,3549.70758394618,3807.56293124552,4184.43974867497,4417.00127135363,4716.48612542727,4975.11326954633,5062.89556466908,5009.79450059092,5259.31334136812,5578.10346083169,5607.24300668501,4879.44024631319,5165.33780988607,6022.15341099999,6839.72503886968
Japan,JPN,25801.3950393094,29428.4289039469,36610.1683163197,39169.3595701504,34406.1824638092,32820.7936433254,35387.0374203599,38298.9801712303,37812.8950199948,35991.546002862,35779.0245416427,38475.3952461838,34960.6393843385,39375.4731620781,38834.0529341227,39751.1330982711,40415.9567649547,40040.7655055923,40058.5373276179,34017.2718075024,33766.5268253808
Jordan,JOR,1148.59005469899,1109.65564611997,1544.58750592979,1570.61002940477,1632.29454010563,1706.26744384401,1775.67625581432,1940.08641342805,2087.87079273635,2342.63459574933,2506.20599484139,4191.18050084986,4042.75678097555,3986.71677010853,4065.61628749384,4145.43989673265,4170.1144003465,4022.0401356135,4183.49998326866,4332.25159897931,4455.50540514568
Kazakhstan,KAZ,1570.00883112591,1442.42455540825,1091.54727722159,1180.0444563226,1422.27331810957,1573.55219932325,1958.02050246511,2722.47407755402,3577.35804001782,5030.13494711519,6449.43931096532,12427.7094576939,10196.1226255982,7475.56688689424,8943.08416791984,9472.48527327758,9457.12614657136,8781.50797787648,9983.60103576902,11255.3396437881,12918.8661346014
Kenya,KEN,374.458992895562,344.722642127742,433.721235701305,414.626365130846,410.700452474814,402.936385605382,442.898457253405,463.662781300121,523.456312433863,699.80237063381,840.201439476765,1482.81566253497,1489.11959777284,1554.12610314423,1667.48447230835,1836.45275528993,1960.40808854893,1927.66459027849,2061.35622089594,2109.56288513137,1952.30457929636
Kiribati,KIR,488.067527876014,540.125608893654,887.495678128225,845.367556128631,718.833757321332,810.108949976176,1020.50050169828,1083.26858963731,1161.78372745312,1123.19268258743,1352.57829954167,1736.7053011433,1639.85274301496,1742.66812442095,1853.0511299437,1912.73798131035,1750.99750920482,1769.43211760217,2253.82500103057,2075.90844085067,2106.76000405677
"Korea, Dem. People's Rep.",PRK,,,,,,,,,,,,,,,,,,,,,
"Korea, Rep.",KOR,6609.99728316175,7636.9480638849,10672.4475586765,12257.0206622345,11561.2071745115,13165.08362497,14672.8057539465,16496.1316167114,19402.5026259549,21743.4774514254,24086.4104391677,29252.9312377352,28737.4391706499,29280.4403170048,31600.7358741365,33447.1562836166,31902.4169048194,31721.2989141857,35125.5224984723,32394.6833725203,33121.3712885508
Kosovo,XKX,,,,,,,,,,,,3902.49424360946,3520.62850699375,3759.44959067104,4009.31799347588,4384.18624084947,4415.99716107514,4310.88824737367,5270.42670206205,5290.94747224687,5960.15820477447
Kuwait,KWT,10937.5415268808,8147.10807329839,15853.6264423466,19296.3471698729,17374.2318664227,18512.7523035862,22690.655175144,27552.2827399787,36122.6142741227,42946.6374104066,45709.4132876371,44368.781373043,29882.2126867068,27323.6890643847,29047.6535822842,32067.9623689512,31707.8737464917,25236.0755520534,34043.542153557,40077.238047746,33729.7985494456
Kyrgyz Republic,KGZ,605.798144966488,569.548584035047,258.048055936976,279.621767006739,308.411326685178,321.726775366804,380.505828812441,433.233915720699,476.548239793618,543.113512472219,721.771646044636,1264.52679529608,1105.65202996955,1103.27498361324,1221.39056490366,1283.52040333083,1421.99927504102,1229.51775742135,1349.99730650542,1739.72030814894,1970.15780961839
Lao PDR,LAO,200.7349054896,231.806227548139,272.325307005412,318.749852236965,320.316005439568,313.350817148131,355.097216151461,409.296298284117,466.061506997741,579.391947440719,697.323013673925,1981.03910900473,2121.01339097363,2303.22156035363,2432.43059478511,2545.1075420815,2589.32081035237,2583.77730696131,2526.05105018529,2046.40440255621,2066.94979776957
Latvia,LVA,,,3063.89794599707,3278.17896440803,3504.61829462397,4003.60935783538,4914.57992829302,6109.73265186817,7283.78738127622,9211.7374468148,13370.9789452508,15185.814581236,13321.9753140616,13838.5266823272,15132.4958333982,17252.1710428626,17294.9751600969,17564.2321549354,20262.8433862451,20229.4613617326,22502.8429938094
Lebanon,LBN,789.526338484738,1278.42125745633,4086.93872789633,3986.83513941026,4009.55929751102,4290.85283803266,4437.71588507526,4600.68371412993,4602.19804637945,4635.2514117486,5125.25809960149,7577.6413302369,7714.1099998804,8089.012088155,8608.21084982387,9174.53666204759,8905.88005497437,5561.19166950397,4045.37391066234,3654.35845534878,
Lesotho,LSO,329.563785157203,382.291247739142,455.650054387377,442.779545779081,412.677473676821,388.92334985135,583.270036200288,766.685820928242,861.381496414995,925.467485502842,861.188420899563,1173.5377928819,1121.19851342518,992.491840678465,1069.36673247542,1170.65569702819,1082.05706777516,918.582577421982,1066.58645143823,1029.99553333827,916.282979328622
Liberia,LBR,172.867610123278,177.867006590279,156.573166945696,298.485340578945,300.463828598983,299.536445539621,239.779556677091,284.140223992458,287.487333441381,320.55808618515,374.211308104278,706.714490064507,692.590082351257,714.613063145659,699.269095727404,692.203127129794,658.164180770507,616.787867006715,667.96610514319,744.617175237387,771.887142089677
Libya,LBY,6502.27886565421,7039.83391970596,6894.51875534758,7214.10040377084,6312.80030498965,3718.29434696755,4674.09943200321,5773.76333234281,8079.24957329001,10048.8480434289,11144.9448413435,8926.42074591474,7458.48917756374,7525.80299308216,9965.83236729757,11196.5854810844,9963.19489084483,6650.33810585348,4935.82787349801,5986.63694851258,6172.81246940233
Liechtenstein,LIE,49457.5609343203,50811.7464531317,82682.284882177,76087.911114202,75067.8001680043,79795.1785891101,90108.3673647008,100280.831356705,105295.057027611,114167.939211301,130492.595349517,178735.153020908,167187.15730982,165375.491396259,170547.092298954,174988.775083446,166907.839305016,164671.093553454,196783.729414593,186400.23376784,
Lithuania,LTU,,,3127.51176667183,3300.63634928559,3532.52787363242,4148.13091485015,5507.47434187652,6734.57487061946,7857.03148786492,9210.10118229413,12295.1212779366,16473.5678231709,14300.2553666736,14981.6208126311,16884.7100319318,19368.5391045353,19727.7607453736,20541.824988603,23934.728489916,25085.784063499,27786.0057829276
Luxembourg,LUX,33465.478207919,35747.3377992066,50872.4492684624,48659.5988753233,48440.1420151355,53005.7339209179,65689.3214536911,76544.9170868473,80988.1376230858,90788.8004876145,107475.320297978,123678.702143275,105462.012584423,106899.293549552,110193.213797228,116786.511654677,112726.439672814,116905.370396853,133711.794435985,125006.021815486,128678.189942826
"Macao SAR, China",MAC,9692.43538809962,10707.3786750774,15319.7717343472,15731.9868750281,15810.7227666562,16814.9926424134,18589.8998330534,23407.1993692194,25681.2167315221,29813.7877167933,35400.2334659409,88310.8119567344,70070.2918001631,69074.0363049212,77704.9215312666,83761.8171798142,81967.699172769,36976.2561071429,45376.314586156,36909.9564090312,67476.5290813306
Madagascar,MDG,326.099253221978,262.024402380479,267.360530991414,280.282905559649,319.283278235657,304.941777398445,352.620095849925,272.20074858856,305.812074924388,324.146874882604,419.548001431865,505.684922503435,445.320069480568,453.970714522463,491.866848718929,500.45718552916,499.818837622534,450.771615201509,490.206238571448,497.242514792961,506.159368687808
Malawi,MWI,286.730598968269,325.75273105931,233.935986197873,224.22415918428,215.474524898357,428.210439838398,383.348596852642,404.674248445428,414.361121984475,440.822149023873,475.180261659331,529.5133440206,539.605363240686,450.506105510719,495.769683367165,533.203173686705,580.889816066776,602.507478176106,617.447520802454,604.269751184515,602.343619809252
Malaysia,MYS,2468.69080320116,2679.20101106745,3527.81581379249,4083.52874483605,3943.79943910239,4184.03163773539,4465.32194567208,4939.24851854427,5555.58179951206,6158.40785533236,7168.93031942508,11013.3107334403,9648.6797937523,9476.53409809923,9862.54806612235,10901.8019954421,10920.191763972,9957.52626697613,10903.1116425938,11748.0919307944,11379.0861000632
Maldives,MDV,956.763019768672,1054.33413828759,2124.06007530631,2213.81235053178,3033.93234507036,3076.07007160101,3548.5767011056,4070.2609459446,3796.51546524644,5018.94335409159,5758.10286933053,8939.07416571472,9644.90655028145,9947.80744731739,10509.628805812,11423.2838427029,11740.2724029785,7393.8886543933,10176.143882547,11786.0091545343,12530.3602359683
Mali,MLI,292.184532091609,290.949913986172,306.457426717778,256.199554978241,291.159497911347,318.042432039222,371.627016389759,416.278344366266,461.457920288884,493.628706470251,564.157958339126,797.154510755732,704.821646439506,730.85493818079,775.536492065709,835.086710561793,820.197390833912,804.343956745857,862.467400106111,813.965034073188,869.270234286992
Malta,MLT,7192.39410227111,7558.7543893379,10609.1947240571,10348.4865480967,10357.7040358668,11251.2060862043,13593.974199672,15212.1267402818,15831.3440511034,16653.607176998,19444.1875016088,27356.6080303021,25481.8977555627,26409.6285858968,30259.3952629768,33332.1905601302,32412.2697818499,31796.8213417258,38027.3801730893,36142.2058531852,40395.7692064458
Marshall Islands,MHL,1758.40820990836,1810.63465589888,2257.92000318712,2264.79114897645,2394.34501105178,2566.06708799222,2539.3307383954,2566.08291015814,2658.65217893885,2754.26988767503,2892.28403958874,3735.23977829545,3764.34426229508,4229.80988911945,4592.83457628576,4858.12079054875,5292.33985502306,5661.96787336674,6258.61193705127,6322.82855503156,6678.34239060448
Mauritania,MRT,772.033092140219,1061.67704285264,781.337033563197,680.911061879778,651.817840199777,648.879643934862,732.017820812675,823.554457141893,998.96583416747,1300.60367988659,1405.15016203368,1713.00865264234,1554.94897871782,1565.76575722696,1615.00401327323,1722.93528854073,1767.072710621,1795.76459566714,1947.78918383313,1960.35240077424,2120.82320358953
Mauritius,MUS,2539.92846467452,2705.26648158805,3745.69625069831,3981.98343249582,3908.55694927435,4073.06053055903,4858.26575549747,5460.60800184198,5354.02974260642,5695.97525509869,6574.6635764099,10366.3550754936,9507.87133656424,9965.72531085228,10841.6847754844,11643.4605962124,11403.2527870674,9011.04288445023,9068.97300226707,10239.7970461095,11613.0441587588
Mexico,MEX,3154.46920349038,3708.8420548157,6499.97182950425,7524.02713693678,7952.7647961764,7983.03398483743,7434.0746485155,7849.66759649565,8671.75891885163,9512.63575346699,10134.3327138119,11391.3773497683,10021.2386118827,9097.92397674769,9649.27816772402,10084.7937562021,10369.5553568761,8841.27075003163,10314.0506741437,11385.4070757929,13790.0243428344
"Micronesia, Fed. Sts.",FSM,1459.04369201491,1617.45528154622,1971.17209885387,2081.9660133519,2144.5369999555,2156.70532157086,2185.80309035045,2146.40160821979,2246.45370337127,2289.75155559971,2336.97852202403,2945.41495996162,2911.16211045292,2979.60119184048,3279.10779039285,3566.58690371125,3572.65918282222,3353.8894298388,3493.87228552999,3835.38184348074,4084.16940424398
Moldova,MDA,1206.50208704977,1037.89950336245,399.499818596336,440.538683980372,507.404076252819,570.799866188293,682.319095965299,897.178494749468,1034.39197746993,1183.02481442894,1531.21618590748,3289.95758568777,2749.55137054338,2847.08794770479,3453.26727720294,4156.44981956646,4405.33418162155,4375.7788930524,5274.60582195352,5738.42473515618,6729.41286813969
Monaco,MCO,81734.8664968011,80997.2520924871,89698.1993575302,81789.0206522549,82402.7809570189,90051.4459877468,111110.451312249,125160.228087598,130538.742587117,143083.461107202,184558.556593338,195693.570738894,170437.101188261,173604.753555915,170663.375247872,188298.315668437,193746.785647412,176891.886538492,223823.363960226,226052.001905201,256580.515122745
Mongolia,MNG,1220.17127664137,1098.68017445549,448.660368337533,476.02755082717,524.453483552485,570.249213248399,643.168068921658,794.154552001815,994.90010913241,1329.89179579053,1627.68787743359,4126.23975800524,3838.92126989984,3619.90026383792,3645.96708669551,4107.64288528468,4347.54610314873,4001.25193077703,4517.61578018785,4993.51487463495,5838.63108083902
Montenegro,MNE,,,1367.90257335097,1627.06511911987,1909.59870186179,2106.6350684523,2789.15906483509,3380.16512135859,3674.6179242797,4425.67887307803,5976.39414454596,7387.87296917548,6517.19267514764,7033.43962398373,7803.35824465203,8850.3749248372,8909.6538759126,7677.37132106817,9465.96153027794,10093.4387007266,12221.4775546967
Morocco,MAR,1229.07104492188,1292.23376464844,1635.65673828125,1499.107421875,1506.24523925781,1596.02062988281,1941.87255859375,2183.55541992188,2242.98828125,2438.12646484375,2755.5859375,3435.40698242188,3146.24780273438,3140.85546875,3296.52661132813,3501.69799804688,3508.09765625,3268.0302734375,3785.93627929688,3455.39624023438,3771.4462890625
Mozambique,MOZ,,288.708092484444,354.406245723711,327.12623979157,304.792138621913,313.886661721198,339.488737800648,400.056973161545,436.773856167384,457.487647833183,507.874923914304,697.142680444123,610.563774706589,441.489734819071,470.93856305196,517.507260258101,519.09255091362,462.433876479921,509.907829475551,578.251663751351,622.985619320596
Myanmar,MMR,53.1225401094506,51.2408970610106,189.490155849067,196.619580625284,141.525660705722,146.598390364449,224.292688912409,224.508811413327,252.685193060728,303.495087119254,419.375780725042,1293.00042298704,1166.73305546288,1229.19713515893,1272.82241830603,1298.21310320785,1425.98954211903,1490.21683548367,1242.72134419599,1158.05005034332,1233.19666209269
Namibia,NAM,2037.47589359778,2116.90552516214,2177.78733370092,2156.67590512714,1915.58926594875,1772.07565537493,2569.24739317883,3403.15496192955,3685.77299991587,4017.1834716928,4379.04313682732,5378.32326241205,4774.10650865775,4395.68776162376,5143.96072323076,5308.60813408705,4731.9210318831,3878.58982993966,4412.8355693052,4349.04532248966,4168.28521087347
Nauru,NRU,5775.55347423089,5333.37954889626,2682.69486680046,2648.60152860938,2232.30874026726,2084.64824520971,2463.28259078079,3040.51349889,2992.40382776926,2910.14145794684,2272.15291307045,9193.09784447237,7703.43149943923,8724.30700255019,9613.41209082575,11408.6947593898,10776.8284610316,10695.6993301601,14989.6647450751,13287.2711890938,12982.7612060515
Nepal,NPL,185.794600449903,195.716621410462,208.646667913743,223.830289183078,240.795114544664,238.89140296106,246.429706587633,279.587750044428,309.024168339372,340.431796437968,385.449767660642,821.455224911731,875.543635474862,877.256454696737,1034.28374906846,1179.19843190389,1203.14294706401,1154.21517578318,1252.75076731986,1385.91066275016,1377.62603571292
Netherlands,NLD,21322.1944802703,21764.2144987258,28318.7466538357,26225.1697734149,26955.7128032278,29446.5330872868,35896.7504630706,40611.3414353091,42165.396168388,45123.5432406426,52100.7996285947,53457.2234864322,45793.8135434697,46808.5291492503,49513.6817346384,53955.0770024266,53554.9007491475,53467.9277413737,60141.9880911492,59123.318556487,64572.0059558854
New Caledonia,NCL,14334.6807372176,14642.5179713722,16692.6835119189,15329.7297200058,14482.3606263602,16104.5520406819,20768.1061488848,24475.6488547037,25528.2918353444,28193.2537573387,35177.6535261448,37816.9558599295,30858.7237060533,30782.8544433514,32354.7102832901,34902.8968780031,33411.3358835672,33270.330597637,35311.5543551452,33516.363085906,
New Zealand,NZL,13663.0216184298,12230.0734548834,15322.2238340267,13641.1027183822,13882.8568268586,16874.1874918196,21913.7081719961,25420.234882944,27751.0654708859,26654.5932018985,32479.9817381467,44578.2253868016,38639.3501941427,40070.8956577431,42913.186956185,43228.6976473771,42747.2099299966,41785.6922905898,49624.1816729553,48216.5095836302,48280.8114166238
Nicaragua,NIC,242.508388735709,349.514318640612,980.219744675246,1017.3124434882,1051.874235891,1014.3339042591,1021.35216668794,1098.62118662335,1183.30217305152,1248.17675959909,1350.38954614622,1958.36966453366,2074.45446460028,2131.68828465802,2182.61875100395,2035.16750115975,1958.62132892996,1931.61515811642,2128.60980633198,2325.16737851871,2612.87066241288
Niger,NER,423.887460599302,384.44311679922,228.271656116064,194.771959898935,205.417936120931,225.294391147438,265.225363452469,283.468281798296,318.643121918273,333.345078419447,387.168065883301,565.30989731175,485.662574175279,502.706475406446,521.804130023434,578.568035680892,561.691304349698,579.512495758236,608.722439593808,609.745147574878,642.937917863471
Nigeria,NGA,556.376449130902,596.938795710722,480.669363941805,547.318298903379,566.428231812933,712.164852077686,763.388745367223,962.48104194733,1211.37703504386,1599.53891556365,1815.52697545827,3088.72131316169,2585.73360671797,2070.4127339595,1876.34027111773,2057.87944554011,2265.15520863056,2019.65706326224,2017.27486481527,2139.37478476974,1596.63696129001
North Macedonia,MKD,2277.30372314314,2402.13517656378,1915.39281060996,1861.89899780644,1823.02267682636,1989.13537265159,2445.36286400013,2818.5814561242,3120.98401394233,3440.4411057968,4204.11328760452,5925.38592218015,5262.68671928674,5598.48622617967,5955.2973863451,6713.98925398989,6718.85826635458,6659.59651070776,7620.80296977508,7606.2375253797,8624.29360948531
Northern Mariana Islands,MNP,,,,,,19227.8894246608,18938.8728389967,18924.5831899653,17015.7487891715,16314.5578590027,15914.2193040498,15945.417608954,17665.1007493109,24225.474169342,31225.6049960968,26509.3628379893,24496.6652122421,18220.8382427201,19455.50139424,23785.754590043,
Norway,NOR,28242.981402822,28596.9330036444,36393.2927471088,38178.2368777076,38601.897639231,43170.557174499,50250.3298214345,57768.6980958462,67047.1704558264,74434.4996835671,85502.2677087731,97666.6951838749,74809.9658049898,70867.3609970749,76131.8384032764,82792.8427113304,76430.5889473338,68340.0181033702,93072.8925119571,108798.451165901,87925.0944188399
Oman,OMN,7545.70305230441,6977.3285922345,7915.44169380534,9753.84755185404,9611.96360191054,9869.13050219438,10463.5425832141,11800.8507411171,14434.8577924647,16930.8565071853,18792.653772482,23160.6502252547,18808.3077921839,17110.1897460545,17820.0661809335,19901.7615642016,19180.1864152801,16784.8630630058,19403.4600160211,23665.6394740852,21549.8368728192
Pakistan,PAK,344.45547384189,380.019843346229,418.249257055367,642.338346499898,609.939506905073,599.937345723927,672.44178669894,771.902247348954,827.619861189926,900.873564984808,998.090114197524,1266.61340849959,1380.47020838317,1424.69161195897,1519.23459514248,1569.33814626355,1390.41690981745,1278.39735206896,1455.31922370186,1538.3228133171,1365.27743222493
Palau,PLW,6402.929615309,6824.34353785065,7629.56986402836,7797.25727395975,8239.63931376602,8340.53735322771,7862.04283025586,8395.13622603431,9639.65891316414,9885.14775685194,10408.4343591338,13726.0222622072,15690.7586522228,16762.5723436534,16034.1342914889,16197.7254546986,15841.1935329812,14556.5896891862,13257.2066721026,14392.1990258461,15899.4224911152
Panama,PAN,2620.13827266274,2820.54547665418,3950.34145012809,3975.09308659503,3991.7767076924,4090.58617397129,4264.66428846636,4644.56582353041,5017.7410922824,5528.76705469354,6317.81730274124,13213.1989637473,14082.6548502728,14832.3611608191,15694.6297454295,16151.3273478476,16477.9066285687,13290.5608347594,15509.8069109784,17332.4360742988,18686.4050961265
Papua New Guinea,PNG,826.317152082832,941.707721616563,649.994719718763,635.957919047725,537.847459634131,506.331789534482,577.467922387259,620.596147680561,744.486489977433,1238.18282926706,1370.753415829,2723.17529825196,2484.5963398603,2316.39479758492,2477.76530986323,2566.36833735041,2575.77274251891,2429.61134586681,2607.57861884395,3101.71063200047,2957.68262498549
Paraguay,PRY,1440.15829610029,1685.26890082621,1766.30657288259,1736.11729210765,1637.68615122932,1367.76506935997,1443.99885236205,1786.21533938543,1970.87169852378,2439.43124694576,3211.93621659546,6652.25478942291,5879.33792308671,5775.1596339946,6152.26711537703,6258.44991640954,5821.18199548637,5365.47220721191,5976.9317978996,6205.62595379319,6276.35113919957
Peru,PER,1199.66666756615,1527.38879472866,1916.53397367908,1945.41338451698,1929.57273038846,2007.37019626753,2129.44114197634,2397.25147277714,2706.66947297608,3129.55996496982,3581.0893081917,6667.13410360861,6231.71150338894,6217.03599995447,6736.16693725487,6978.49121548627,7037.00803692604,6133.32552410183,6826.9720069846,7363.27206939639,7906.58502858
Philippines,PHL,803.572588255813,804.323330530547,1101.43515975318,1050.79272954492,969.530611744453,1014.90879320106,1027.2301192843,1099.63013023758,1220.46018559867,1426.14649179546,1712.65543282793,2866.83803767919,2909.85818014474,2985.19564020101,3038.12124955619,3168.51036606257,3400.78949772302,3227.57910235199,3484.38593882819,3548.06930572116,3804.8725797521
Poland,POL,1731.2095094382,2235.54108862522,4415.50067547826,4520.64100449111,5015.23790036613,5223.45178967082,5720.81366178104,6711.72715262967,8043.92332253757,9068.85528307627,11272.5293683383,14262.2841914116,12637.5220324406,12464.0110508476,13913.3402919927,15658.2120316794,15874.5220531254,15987.5753654045,18635.5104895754,18891.2121169279,22056.6661704127
Portugal,PRT,7884.61798756332,8958.9853330247,12475.2917701476,11526.3720667968,11734.7649743954,12936.6928204482,15797.7821340276,18064.1580932987,18780.12751241,19839.4540499032,22811.0564844365,22120.6850127107,19215.7813014347,19980.2808866516,21442.3842768879,23541.1401075289,23343.3628970034,22299.4044062173,24711.4510062111,24620.519556875,27331.2094945255
Puerto Rico,PRI,8652.50749222505,9064.01851711486,15220.9913420267,16192.1269719638,18123.1987019918,18731.4593897378,19557.1202492358,20988.9923326534,21959.322696986,22935.9411586313,23664.8823485096,28981.4573305866,29763.4883013861,30627.1634017011,31108.7527508912,31615.0667918433,32916.866800639,31427.4291136799,32619.250416757,35268.0791015719,36779.0594913858
Qatar,QAT,16721.6207714589,15133.4969397069,20233.6846826643,27535.182940934,25870.7991864314,27226.6593510117,31602.470865136,41035.5008380177,53949.6764091147,62582.4453138755,65954.3419525051,95840.6310094498,68985.2946961507,61253.6375482797,63279.8556949332,71039.8490579352,66841.3013472693,51683.5054353851,71751.8831234838,88701.463350036,80195.874646942
Romania,ROU,1648.48522974542,1254.3124421298,1599.90622808339,1659.92904910528,1825.19299373184,2119.85509684554,2679.40626016154,3494.99056448955,4618.00350802913,5757.53127301178,8360.33775916596,10031.7710755404,8977.01748158196,9404.54005870715,10727.9822007426,12502.2624061935,12992.0326104674,13082.3006559554,14986.7854904274,15557.8826247584,18404.2730871704
Russian Federation,RUS,3494.06323242188,3490.45239257813,1330.75720214844,1771.59411621094,2100.3525390625,2377.52954101563,2975.123046875,4102.36474609375,5323.455078125,6920.19970703125,9101.2392578125,14055.47265625,9277.7138671875,8663.158203125,10658.9130859375,11211.8876953125,11447.701171875,10108.3271484375,12521.5224609375,15445.2421875,13817.0458984375
Rwanda,RWA,345.773495134655,253.966902025944,264.74368682977,251.86926386091,237.308846200901,234.043016755733,249.012274982252,269.540446333402,324.016863847189,356.995022901154,426.234183487629,724.957521209377,733.998585018273,729.519154199595,758.301002985965,771.773521962568,810.051420243718,778.701538550324,828.833032800998,975.469315871749,1010.2689290184
Samoa,WSM,743.994213008355,741.563963808482,1416.76915966987,1424.75240002471,1453.87021324606,1527.55790455937,1798.12429714048,2189.26042607992,2550.04221437511,2663.29135939532,3038.61904093377,3982.68080202084,4084.36083819933,4147.07097674888,4307.59381964907,4231.81409469194,4351.94234943706,4099.6600907147,3947.64517905415,3869.46639492144,4330.17840531329
San Marino,SMR,,,41931.7951488407,37600.7077379601,39035.1034290445,41790.8432718184,52529.9093701059,58232.0176184948,59877.8005839737,63270.7780755157,70124.4634385624,51260.4938347125,43146.8240435428,44359.4797662688,45192.0279766943,47950.6880557136,46627.0122356944,44426.6463400658,54168.9828262684,54264.570495898,
Sao Tome and Principe,STP,970.060189603816,855.105075821698,542.692548018387,529.089383412262,518.88050130005,568.10257252271,663.696211810494,726.560882130444,844.169181884274,861.970707697664,878.885791918745,1489.67633417608,1298.10946596396,1434.87018050521,1555.79477812888,1825.59971753966,1935.2931816596,2167.22001796925,2362.58827248102,2389.73729784737,2940.93352926715
Saudi Arabia,SAU,11054.7495049666,11847.1699534218,10452.1899400479,11714.5623675159,10805.311325122,10586.0543471363,11487.220410693,13154.4978989446,15975.7473782258,17563.6145370639,18596.1502627898,27079.6733871148,22453.571552265,21515.6600083775,23081.2045336558,28036.0264674095,27892.8421521179,23271.4037647084,28396.0864182336,34454.1957708412,32093.9622984711
Senegal,SEN,957.314337438177,913.399575796737,677.516338727268,603.233162455158,637.213530563724,669.430447319209,817.888034221442,918.102079522155,979.846101520171,1017.20196747987,1188.93877808175,1398.89137601382,1218.00613555438,1266.43957151587,1356.80518449031,1452.55612562445,1431.18128932159,1461.08720350553,1598.10676952274,1564.74522071584,1706.44218024762
Serbia,SRB,,,2768.91041346166,974.725469278615,1812.42088281393,2390.73459447107,3153.9011312754,3597.08798057009,3807.97417321786,4492.7136699046,6081.08765700202,6886.67809068704,5820.3215576888,5982.37030126471,6548.03653824187,7559.86165747394,7755.632986437,8098.70955668849,9680.52798074468,10022.9688543402,12281.5058488303
Seychelles,SYC,5642.072897243,5654.63975724251,8243.23610099084,8063.65500575169,8153.2986369879,8864.16919495467,9070.28460757013,10827.671636033,11802.1118276833,12782.9938926475,12669.3026687222,15188.1902175113,15333.1051727105,16566.9946042294,17480.3651911372,18440.2340460932,19141.5118743615,14041.4754074575,14982.9111487767,17167.1909760833,17879.2396545075
Sierra Leone,SLE,154.794246226066,183.68639063947,155.020833269007,143.743743239644,358.31568592361,388.995136049853,413.817666037168,417.750034826993,462.633324427945,517.913366011018,578.648417351785,1140.92742266148,945.148168480629,838.631615328371,788.486867334833,845.914540460932,843.71251730417,845.313836261458,885.184270659578,860.130884035452,757.85833603088
Singapore,SGP,11861.7561591366,14502.3799938606,21796.6373891001,23852.8389514753,21699.7414868907,22159.8373710639,23730.3840054566,27608.080013423,29961.3172812732,33768.4528234651,39432.8860198877,57564.8023114977,55645.6068614606,56899.9181805173,61162.0973932771,66840.6373389791,66081.7199235165,61466.803676358,79601.4129622433,88428.7024226232,84734.2559206054
Sint Maarten (Dutch part),SXM,,,,,,,,,,,,37134.912423099,37839.6283815163,37308.6147795736,34701.3058494468,31708.3110124742,34861.469528968,30150.8998380477,32548.4366854902,36476.6300833859,38077.5444869761
Slovak Republic,SVK,2437.17517010845,2726.59305498582,5651.62327514236,5421.6448441887,5712.47802761654,6554.62808369461,8675.39633696465,10650.1290097126,11641.5410321763,13167.8954730379,16110.4817265237,18770.9289896545,16442.0760860018,16636.0769133073,17645.5298716761,19573.3717031314,19406.0589683582,19735.4858280801,22138.1949833348,21342.7666714692,24491.3771867262
Slovenia,SVN,9925.14071044684,7229.31149788617,11401.4906790909,10135.7219109212,10375.6255869861,11639.1297780477,14711.674874253,17103.8297783905,17969.7095907161,19563.005059144,23725.1596001515,24013.0682060959,20697.2748530619,21447.8377796036,23303.077705959,25888.0481065655,25814.1687167572,25392.0651093612,29187.369382785,28373.8382265999,32610.110922729
Solomon Islands,SLB,648.325212624098,665.833104132659,1133.62256531791,953.17190137706,911.791935385411,756.890296490792,895.989272661716,986.081904026618,1144.45758513252,1255.62589099975,1390.1569662696,2164.9442392168,2045.47889485251,2082.62989047871,2143.57465243959,2278.20633913383,2223.66502559565,2063.33101522108,1996.86976779348,2005.4139933198,2041.6364912646
Somalia,SOM,145.603501373513,105.37132651622,358.658780828071,386.119274401275,244.914842538455,229.598918310039,286.273025198975,375.410326225387,439.979907805478,457.996662206659,479.635628065289,429.431656017709,445.583078625015,460.928491979039,510.939952988052,509.525802439801,539.893931565468,518.184778494176,549.114743546859,573.128092470162,597.458854603159
South Africa,ZAF,3093.48920352334,3243.23616023953,3242.36830483958,3217.84693448467,2847.15191945908,2688.23676032806,4062.21755993786,5221.46333731721,5836.87663325127,6077.38293388876,6591.85535960564,6856.73137092522,6112.27382485974,5651.20585165749,6618.33508255701,6914.1780318076,6533.71121032856,5580.60383075189,6843.39941886204,6523.41097815853,6022.5425418935
South Sudan,SSD,,,,,,,,,,,,1242.73450181032,1080.14718624765,,,,,,,,
Spain,ESP,13795.0159385128,14801.3226152172,15707.9473068138,14743.2671031455,15368.2337984435,17111.0685058941,21522.0170990262,24925.0267844576,26450.9530130382,28421.686527407,32652.015594702,29694.8874886229,25969.8383138327,26740.6851818829,28367.9392609439,30592.1264795541,29776.2011500384,27230.3599933583,30817.6828559001,30287.3657583614,33509.0127982139
Sri Lanka,LKA,491.213686238493,546.292515570886,826.421228127739,846.460813304966,803.544026627385,834.936014905338,946.382255128072,1028.62068132555,1207.21994764165,1389.50625583936,1578.63451125392,3971.91913148166,4060.13139670248,4149.76105454457,4401.05567045499,4360.58473469252,4082.69404871533,3846.17449566736,3999.33764677637,3342.71989646203,3827.96495637489
St. Kitts and Nevis,KNA,5373.44824048425,5464.61025672087,9116.28627997718,9319.65545093525,10022.5919235637,10453.6587064313,10175.6295449989,10944.6183741768,11783.7867154145,13837.8495311219,14757.9579751035,20219.3954237956,20328.8003530109,21387.5415511103,22464.9899633959,22901.3816403197,23595.4923231291,18859.0190361046,18361.1449697886,21011.5744209816,22573.6724791004
St. Lucia,LCA,4204.57161863111,4398.67906897723,5882.83398968649,5879.56191426207,5570.45247098106,5567.89428424719,6058.60622059326,6494.60034867886,6863.43641919345,7611.17856675319,7964.38211480117,10044.8218377677,10334.9225558425,10638.1901982143,11333.1963940441,11642.7403185172,11794.2056521711,8411.19941821204,10459.1321248092,13103.7621654634,13554.6651875402
St. Martin (French part),MAF,,,,,,,,,,,,20638.7705882379,,,,,19033.0649634889,,21668.3776525323,,
St. Vincent and the Grenadines,VCT,2149.73944358984,2270.76357246912,3446.52293031878,3768.95536604022,4071.08601098962,4303.27976789727,4499.61454193342,4873.48947742443,5157.39373878102,5744.8278621257,6398.19123532172,7168.82875342911,7353.73556054184,7656.90042881178,7988.04445019298,8428.12677153069,8743.33202133753,8395.09988902412,8481.30537359541,9471.14627317673,10520.4441534791
Sudan,SDN,1257.1875,1617.55676269531,324.659606933594,362.116882324219,451.293304443359,506.262634277344,580.320251464844,705.113342285156,905.543640136719,1132.474609375,1444.37219238281,1275.43835449219,1292.37963867188,1033.21594238281,966.505676269531,731.027465820313,709.975280761719,577.795227050781,712.122009277344,1046.24084472656,2183.44140625
Suriname,SUR,941.591736102188,1079.72521342705,1898.1801816053,1988.22172925433,1714.64846637242,2202.340682196,2516.10404020956,2887.7721728844,3453.42865937765,5002.65798695759,5530.17615638309,9108.18905406764,8813.61705392067,5644.2061057532,6049.52128553675,6665.74180472239,6629.66775248603,4755.39221710693,5029.84838543953,6084.43876736445,5494.07409425517
Sweden,SWE,30549.6692751763,31777.0327994132,30969.1033509483,29632.7736101599,27259.4806735435,29957.9387652616,37292.4214343004,42758.2015503417,43378.6152117149,46531.6001120572,53568.5645523213,59583.7140001673,51197.9529341175,51820.3972482676,53300.8587281785,54181.9069780904,51773.0464558993,52653.7565934247,61174.9680215622,55296.9371472535,55516.836477474
Switzerland,CHE,39574.5398083788,39544.4946826768,41695.6912912021,38865.021939688,39638.7911061864,42458.7384679187,49335.7456291067,54659.4571488233,56242.8933645639,59011.0324592016,64989.1553256031,88724.9909402638,83806.4476003837,82153.0745447889,82254.3769269767,85217.3691512274,84121.9310304414,85897.7843338323,93446.4344518943,93245.7952120851,99564.710026145
Syrian Arab Republic,SYR,978.489616979607,1000.07798684947,978.17453169496,1138.1884854278,1186.82913474027,1183.2473451033,1220.179077256,1368.1148230028,1533.90166536568,1718.78347217338,1937.61138578027,1060.59105886854,847.731631942565,656.3490586313,851.502005254153,1098.0668642357,1109.53926036049,572.355289831901,663.614245706815,1051.67149587463,
Tajikistan,TJK,487.03612866309,457.767825924805,175.023764735625,136.925716400723,168.676285365186,186.951638285222,233.58124845289,305.745158587502,333.927150941684,401.018403316427,516.997210618914,1081.54402932039,956.916310930656,788.710481734485,829.45714764957,834.288404578801,871.022372934846,834.311715460625,896.748053372182,1052.17949484894,1160.81187026311
Tanzania,TZA,243.611557006836,276.452453613281,392.621765136719,401.698150634766,396.638732910156,402.649047851563,422.18359375,450.385284423828,483.334869384766,475.746734619141,543.198303222656,1022.74841308594,939.127319335938,953.0107421875,986.674011230469,1023.10626220703,1063.32250976563,1117.41528320313,1159.85656738281,1207.85302734375,1224.48962402344
Thailand,THA,1559.11209344755,1765.62267359529,2033.24490520569,2005.97694514234,1889.93432467144,2089.75183111554,2347.54001286066,2641.56268717857,2867.70383436062,3331.32043511773,3918.52817434581,5801.1978916205,5688.85335397884,5833.57715617098,6413.09182530343,7099.77650081458,7605.69657797759,6985.64393892574,7058.0694998852,6909.35997481451,7182.02525812415
Timor-Leste,TLS,168.621010199317,189.794649212749,269.987312761397,492.457669429651,587.804355560918,533.982476434866,534.901153697657,474.420767344689,487.464555404292,464.667001844159,540.154584237662,1224.74957758801,1319.59297370991,1335.54390089814,1266.17767952941,1219.46598597604,1562.36458881813,1630.86935439232,2684.82704373402,2343.24524664152,1502.51963828284
Togo,TGO,575.094511928654,549.808011573,445.291484100954,409.889802792768,396.692654520135,445.238691488925,538.16537776929,560.266308533382,551.259850017077,552.50227125256,607.588224471809,855.585284856656,751.052405084336,772.581787093976,792.765487219069,851.130806891807,826.260654099894,853.578220263722,939.613373786407,898.758154410712,985.697512629974
Tonga,TON,1139.0553819198,1323.40098550339,1952.14614397736,1995.07650349318,1753.5165946314,1759.48033285941,1936.0412369244,2195.44874051102,2477.72640915188,2750.34758182988,2797.06555185746,4136.59013792529,4123.90323993332,3987.98626206287,4365.92932788383,4638.89774268789,4676.84790348236,4700.44932800575,4912.57950603175,4933.07479143113,
Trinidad and Tobago,TTO,4047.25093594674,4205.37778348016,5179.08350809274,6178.58975559687,6657.41466937221,6762.93080808096,8445.04653518298,9871.03419820086,12346.4373094075,14152.6607422113,16606.675360681,22074.4263087858,20024.754663902,17521.8007525013,17720.4972365332,18076.3565550233,17431.0269266696,15224.5083495616,17912.5106245714,22004.1997884125,20016.1503008736
Tunisia,TUN,1476.43160477311,1537.87916511306,2376.06566791596,2199.04465936314,2235.71981624751,2320.7723805785,2725.8643148859,3067.41936376975,3146.8260743927,3322.56933570096,3726.91672935667,4458.97895464547,4014.94773686432,3847.80354448809,3619.03247319953,3628.10366464236,3528.87213306798,3548.65363663803,3885.28166485296,3678.40023411347,3977.69516639644
Turkiye,TUR,2689.52621921233,2649.27259974439,3969.47359406585,4192.44316738494,3045.55413956926,3583.19745897158,4637.88218501529,5960.77898909049,7303.01388860245,7953.07848024969,9711.22376120832,12165.220135038,11049.9951100942,10970.0458948862,10695.550196231,9568.83506330228,9215.44049888114,8638.73903848102,9743.21277804855,10674.504157865,13105.6585678319
Turkmenistan,TKM,848.155047388424,831.99873207474,545.519003106054,633.835487638011,756.034976276398,935.540801478466,1228.94870289404,1379.23009682692,1604.01618452312,1996.59310717308,2414.96071986964,7164.14536184006,5759.497903834,5686.98040962764,5828.4816623489,6125.05169712085,6648.0348960628,6592.60146027748,7051.20211079213,8156.35211950774,8232.65225980002
Turks and Caicos Islands,TCA,,,,,18325.7458111974,17803.9471767733,18859.1890274773,21246.00980049,24122.3028180757,28734.2873064523,29443.8408831367,23996.2910128388,25736.101625461,26946.4178520162,25779.6122366146,27160.1579568902,27273.4376992357,17452.6578046047,23114.7902123091,26802.0673752091,30348.8114409139
Tuvalu,TUV,1084.66707221699,1134.33175551477,1558.60396569869,1579.41906275542,1456.78409421177,1750.25175052348,2006.84249941442,2322.56265072892,2304.82694329052,2396.26844307702,2794.16310084119,3528.85858102782,3357.83417700071,3808.69755015909,4165.66338700106,4466.12034928245,5115.13075950206,4976.11254109571,5905.08198095343,5911.32727055301,6344.7750188689
Uganda,UGA,244.987168126806,182.955897348348,257.921949601357,258.050338731086,236.021188853993,241.984688408335,250.71543664681,292.38185796262,330.405402707025,346.518255310647,401.389130865581,896.054795546394,862.934610355811,752.696571725656,765.218332297361,792.16570022814,822.057058189153,845.766463890124,882.791717542504,963.067314117178,1002.30913917142
Ukraine,UKR,1563.63415527344,1482.6396484375,631.910461425781,653.294311523438,800.49072265625,903.011901855469,1076.48156738281,1401.01806640625,1875.33508300781,2366.494140625,3160.32763671875,3054.908203125,2094.47387695313,2158.46118164063,2604.28759765625,3059.0517578125,3619.86157226563,3709.76928710938,4775.94580078125,4199.6708984375,5069.703125
United Arab Emirates,ARE,26709.993440327,25690.9686321448,25855.8605046587,29865.502347066,27745.1708087672,27753.6089526346,29659.5428567811,33376.7152295209,38719.3138307623,44342.6048322482,45854.7325158162,51381.4069909213,43534.9972681733,41326.4018161834,42340.5917145576,45689.8570040215,44251.4541390148,37173.8754100281,43360.0211014806,49899.0652978649,49040.6947525825
United Kingdom,GBR,19095.4669984608,19900.7266505069,28762.0913570256,28280.926786099,27906.5695029641,30077.741432188,34442.6875402308,40366.8886650968,42104.7884375024,44512.4590296865,50397.6854954706,47439.6165895125,44964.3911437292,40985.2351382417,40572.1214823783,43203.8141057739,42662.5353740311,40201.6812422928,46896.8662432834,45935.9276473925,49463.8554617343
United States,USA,23888.6000088133,24342.2589048189,34515.3813073394,36329.9702595751,37133.6203973517,37997.7424300242,39490.3023903176,41724.6411982614,44123.3996470026,46301.9876485519,48050.227412195,55304.3155317137,57040.2082136605,58206.6141931844,60322.2614241747,63201.0458483771,65604.6815198734,64411.3731779373,71318.3073592183,78035.1753604212,82769.4122114216
Uruguay,URY,2995.36105663465,3589.01541942634,7370.56995453931,6987.70098766257,6382.76104740859,4149.76140312687,3671.12329256883,4168.66065438387,5284.25677987129,6001.33294783172,7222.05403645877,18322.4276767157,17125.9016800298,17009.7586944503,19184.6626659717,19249.9401532664,18315.7352857194,15789.6857422214,17888.211510172,20691.9738991763,22797.8111731861
Uzbekistan,UZB,652.9376529256,658.313550528068,697.763539790812,555.149231099186,454.415812256778,381.409296889283,394.164028897235,462.171492867885,542.835808692209,649.118167003925,824.028192334768,2674.9628382103,2803.19018021751,2753.37951427589,2190.60411562888,1813.08530813664,2041.38480729431,1978.28051860763,2258.51964119278,2578.66689394219,2849.51461071911
Vanuatu,VUT,1140.59020311724,1326.37321256212,1472.17751741462,1460.23817692229,1350.18338238522,1340.71537528287,1566.51396790858,1774.31867585894,1873.99142640619,2034.79289624351,2333.70506748914,2967.70667006774,2746.59171880997,2869.9996909076,3159.92716050347,3206.68930842127,3207.44650452083,3042.98711598286,3107.20312858002,3265.39645133096,3515.23633611798
"Venezuela, RB",VEN,2451.5523114567,2632.53969814106,4070.90619189484,4776.2816763938,4920.39313600453,3652.09896501865,3229.50557082079,4269.08970872392,5432.4854184654,6739.38065342219,8331.62096991844,15943.6127197163,,,,,,,,,
Viet Nam,VNM,98.7983370311401,143.715270231936,375.994455900496,404.029784055118,419.205677580901,445.132861817313,497.117089249256,565.452284586212,710.746759994861,807.756645117054,925.640338348717,2546.38464459903,2577.56885340113,2735.0604380416,2956.10992127753,3222.31003125366,3440.90025375434,3534.03953482647,3704.1935590038,4116.38576094153,4282.08851724506
Virgin Islands (U.S.),VIR,,,,,,30062.0225050457,31731.2566241187,35006.3614404514,40828.7460927775,41377.1466009652,44158.5054044325,33045.3643795999,34007.3529411765,35324.9748874586,35365.0693039774,36663.2087550584,38633.5298915336,39787.3741650202,42571.0777368471,44320.909185774,
West Bank and Gaza,PSE,,,1499.49217657019,1476.17185000238,1335.55319529359,1156.21747345769,1257.69857009689,1422.19088643544,1543.70141392774,1570.10439962728,1664.24571669276,3352.11259506043,3272.15432360708,3527.61382413178,3620.36048715937,3562.33094270256,3656.85827137011,3233.56863835858,3678.63565662194,3799.95527015163,3372.34974423005
"Yemen, Rep.",YEM,910.422465960748,1016.30223044813,401.448141660801,493.235182634814,487.141257946318,513.241486570603,548.905883049973,627.632023395762,734.159908450927,809.713127624703,890.305768114988,1430.16420964026,1362.17379435676,975.359406696353,811.165963877611,633.887206000087,623.376164898164,559.564672794182,522.173512705812,615.70207931388,477.409028678688
Zambia,ZMB,422.336298804219,423.071256835592,349.515723095687,359.429500988221,396.548952993504,393.864625518616,446.290104839041,548.685974566277,710.982068171696,1051.71714895686,1118.73162626953,1707.48573136694,1295.87788680068,1239.08527877713,1483.46577328065,1463.89997855593,1258.98619844462,951.644316655957,1127.16077872857,1447.12310138035,1330.72780576709
Zimbabwe,ZWE,866.486457266006,830.52710398723,582.003440755676,562.556900384332,566.107646563399,524.677238832055,468.234185771582,469.484653598898,461.0282813252,430.809179322191,413.302571731556,1372.21278071456,1386.42284717709,1407.41536437554,3448.08253696926,2271.8533351306,1684.02790388182,1730.41348946953,1724.38773104902,2040.55245910726,2156.0340040333
Africa Eastern and Southern,AFE,822.81763829676,862.848274320851,670.697827770518,707.120376327506,626.169148423877,625.998814954319,809.968139434436,981.744630526502,1115.71395556649,1220.0024682059,1362.31065076801,1656.10764215035,1479.56412348117,1329.77782375583,1520.17129839287,1538.92418773564,1493.78044490037,1344.08096192004,1522.59008804972,1628.02452570959,1659.51529015376
Africa Western and Central,AFW,590.32143846879,603.878907776782,521.364734349786,516.932316255791,530.653167271222,616.796033062474,694.500938597172,834.86129094692,989.699738831975,1222.55049775568,1393.74848679569,2204.99569969979,1845.76780421108,1616.84319800249,1560.16299864482,1703.89639222804,1783.65436491191,1664.24917643553,1747.84054911545,1777.23501216669,1568.72431045118
Arab World,ARB,2875.25714161315,2048.80975490464,2378.95049111508,2664.16579571489,2536.711964719,2483.10723424941,2696.67230474801,3133.73687664723,3750.50855449002,4355.08762186879,4940.7022651172,7259.93672933779,6203.70263640435,5957.05983659325,6005.39012863954,6576.51663083912,6525.21184312385,5648.34111789395,6445.80726093411,7658.40646973315,7292.21040780618
Caribbean small states,CSS,3540.01544956295,3576.50297617428,6353.30540902184,6626.89515219893,6628.93694828703,6957.1548298183,7098.96854417985,7417.59119516605,8063.66051325437,9344.43164221982,10042.3691021094,11603.9405523069,11835.2872155303,11358.7030845165,11775.3905011905,12047.8528111635,12356.3216439351,10270.790474345,11920.3427576157,15564.5576210508,16906.5672140942
Central Europe and the Baltics,CEB,2456.15936108319,2263.81493587899,3997.13227115881,3959.09429252347,4360.49747680825,4941.08494540774,5949.7367798729,7181.26214567993,8353.57200087819,9467.80237635982,11997.963219873,14183.715484494,12568.2965059245,12836.5666338962,14294.4470174706,16181.6073703684,16475.161477584,16450.8775088615,19144.0685537317,19502.8169309088,22637.7950110942
Early-demographic dividend,EAR,937.515167975021,971.712779911296,1254.85934277196,1345.96096692962,1310.87699433468,1251.00892977928,1368.16133713028,1562.59429997931,1787.409549471,2010.14276000475,2341.11989959369,3424.5502589261,3211.78012733143,3262.32001806648,3496.77164846492,3503.21320137921,3527.54327176522,3240.95150218079,3732.86849069467,4076.36749050073,4256.78414448262
East Asia & Pacific,EAS,2637.0605726047,2936.4778173592,3813.61261549267,4086.5181236253,3765.76496640633,3793.3454149127,4138.94393779073,4606.36838279497,4878.31107550326,5131.87299138217,5691.5373348119,9672.05856791834,9562.10616350756,9832.13036290931,10428.6321782284,11285.8972298534,11458.795842252,11464.1012855988,13117.3989864275,12889.9061983889,12908.6377076783
East Asia & Pacific (excluding high income),EAP,416.499485584192,445.104313422988,876.167057982026,954.465171205624,1006.00155273718,1103.59067285494,1238.62098638657,1424.59971112586,1637.02409948695,1956.03345351952,2453.50441863965,6276.04217924336,6482.99315626888,6575.5250881796,7133.00005851308,7925.42476458249,8153.62140587102,8245.71521577714,9795.31938942758,9901.2640992049,9900.61356517593
East Asia & Pacific (IDA & IBRD countries),TEA,421.626807774002,450.576380214553,886.717803696453,965.915605536413,1018.02508088273,1116.71958026231,1253.30203271346,1441.45426844398,1656.34064911147,1979.02205350002,2482.21510804632,6347.42096914922,6556.49872551757,6649.86735991736,7213.3607178978,8014.49766251885,8245.10161071216,8338.13776036985,9905.15440355218,10012.4494743706,10011.9941315998
Euro area,EMU,18683.5116203769,19305.4650158921,22011.2609880742,20039.4002663005,20289.8293666247,22049.3482385273,27017.620907153,30816.5401524145,31800.4430333572,33671.9314013325,38580.616203138,39926.3443427769,34415.6153549122,35178.8502697866,37181.1343044604,40068.5215464339,39217.3839966029,38241.5756519082,42978.8817916638,41454.1660248186,45130.1240539874
Europe & Central Asia,ECS,10494.2941549424,10763.970217085,12364.7168922925,11645.0816833377,11749.4971365928,12843.6996685135,15577.4077530747,18105.8152622032,19219.8862771614,20756.9726239461,24183.3554159446,26425.7524782923,22657.3094941092,22476.2668798332,23755.738099932,25340.1536558293,24958.3859753607,24091.3416895738,27591.2437497041,27731.7695375442,29789.15402951
Europe & Central Asia (excluding high income),ECA,1720.468517557,1641.62771442557,1765.52246581482,1788.23206214028,1526.97978969399,1768.77803665239,2245.29783911291,2876.76837934408,3566.86899633867,4129.79367047738,5187.17828024455,7272.88444788426,6282.67304098967,5977.23488835293,6111.81706371512,5952.35226461881,6020.75079545102,5733.5388117287,6623.50479025077,7247.73491679181,8548.0103775697
Europe & Central Asia (IDA & IBRD countries),TEC,2377.68113467343,2323.78734790133,1877.97116410304,2043.07968265217,2079.66473968776,2339.23767914136,2877.40065787295,3719.98615448538,4655.78176687215,5626.52823420799,7237.14538156758,10293.7203442319,8001.11229243002,7649.90665844729,8555.47638597093,8884.71291375979,9027.50709505223,8443.06159084581,10010.7744146786,11351.0079692917,11977.3398758875
European Union,EUU,15470.1514318508,15959.6505474959,18506.373785921,16975.9150408779,17230.6503712627,18799.0954341052,23025.7556068565,26377.6033756932,27444.1812267616,29217.9538526123,33729.2735892255,35539.2020994967,30716.6295698647,31404.4306041117,33327.6674894487,36002.564051993,35341.5703329216,34635.4895902222,39180.3758426065,37948.9505377699,41422.7999680879
Fragile and conflict affected situations,FCS,1120.16230803482,772.809461824039,657.164763253393,751.402386963343,718.682953740052,684.36449919632,702.970522875086,870.427134576013,1074.74988871637,1314.21280234474,1573.22108284027,2351.21273489301,1810.68930176888,1632.33745272851,1702.90845193168,1819.00302147749,1890.22006963616,1680.96884674984,1753.54775352624,1892.6227062256,1830.33271759402
Heavily indebted poor countries (HIPC),HPC,459.401744806781,483.553652381384,357.743970147461,376.321478266707,353.858262986775,373.078875646533,411.069440888416,460.446469436065,512.742651464538,584.531742958073,678.666466882937,974.252131612265,909.494352340789,893.010597521193,931.787880001889,968.18729528141,976.312547557857,959.181737577661,1040.03410722444,1100.34076496851,1231.81257022963
High income,HIC,16603.8457412633,17400.2465711859,22013.2575106143,22409.9007588105,22119.2818075546,22968.4725051782,25651.8389582777,28502.739036532,30103.6580732481,31763.2580538848,34720.6647830615,39502.0829505689,36650.4490056998,37140.5595822096,38873.8613987597,41180.3426854104,41457.3871652811,40262.8698752886,45229.2753341398,46632.8486068879,48752.7127374395
IBRD only,IBD,1076.43889364852,1006.43204294889,1372.0541949142,1474.43353846311,1477.36945705172,1482.32970903156,1646.22410729152,1939.12360831921,2291.4754476584,2689.14728914202,3305.74868192043,5959.31801743295,5525.00490743409,5513.07715328885,6032.45731643701,6376.20637613021,6459.05649734705,6171.87965743072,7289.99204765957,7651.51702544821,7832.14975609303
IDA & IBRD total,IBT,946.315449521818,893.684128347796,1160.6080722082,1249.12417056884,1245.67361419728,1252.31278322444,1387.17052196991,1626.72085949787,1912.04792898155,2238.11252029251,2730.00321260461,4807.81076822459,4458.11083061724,4431.30440041701,4816.55669747848,5071.47780601742,5125.36118877249,4884.2624249805,5707.61064306399,5974.31658352895,6075.12299337436
IDA blend,IDB,514.335951400601,537.518368786316,503.442921355174,605.027325147959,587.754375329136,629.758800881462,693.533888199508,820.145899878185,946.794253935796,1145.17379691669,1292.99815403321,2099.6785212584,1953.90145153229,1787.03439986924,1796.8728729754,1856.81876322366,1865.35605450935,1713.86457937643,1827.96310627066,1944.22814736694,1687.28133682938
IDA only,IDX,395.782591730776,416.256883689531,362.737146036196,385.174065928169,369.440641317889,382.938579097994,421.541245406357,466.406333288672,518.933138909895,583.703214008206,677.073290378513,1062.79330233719,1036.87089667356,1072.25258983137,1130.91814340942,1177.52764226474,1211.19958978076,1197.82655626131,1276.2327161945,1347.0495978989,1424.84597936668
IDA total,IDA,433.415696608901,454.846229503816,408.403042765847,457.644524502419,441.615846410528,464.737979512485,511.731752009684,584.209055074261,661.786366802496,771.750444184555,883.635175670808,1413.48701723574,1346.69693190726,1313.25207885782,1354.977107485,1405.59717231873,1430.29036966118,1370.26257847044,1460.26675489479,1545.89311822681,1510.984396965
Late-demographic dividend,LTE,1108.63696388267,1060.35122745223,1534.90540447167,1670.88947753602,1714.59831358618,1805.11773407746,2043.33260370564,2440.0621053477,2924.78065020395,3506.87979791598,4388.24202883372,8829.32167411182,8228.5219032545,8192.82724280848,9032.31848043335,9850.36115121356,9991.40401633086,9734.68959265357,11597.4855569831,12082.0001033778,12184.2070837954
Latin America & Caribbean,LCN,2682.63675399156,2650.38259057936,4110.88389485499,4472.56198128317,4326.54800510521,3839.09899910136,3862.06311727292,4385.8228776811,5229.8239926535,6047.65689952018,7035.72399848062,10583.1936198566,8759.80639725635,8461.78546877733,9311.41109369302,9034.70781075096,8830.90045629058,7444.66073393848,8596.3558852242,9714.93628741263,10796.8623721014
Latin America & Caribbean (excluding high income),LAC,2623.0884470876,2558.68404315387,3934.76940673745,4286.86453280356,4121.55299445651,3661.55201517345,3690.37198578833,4151.88036848965,4958.19476759044,5713.84017374526,6667.54488816401,9914.63937046348,8337.14599402852,8011.61015629879,8843.08534628217,8504.73822009603,8305.98946791718,6940.27896334688,7996.40776122081,9129.46662678089,10180.7055245454
Latin America & the Caribbean (IDA & IBRD countries),TLA,2615.70091460903,2590.23599823581,4029.37164546171,4388.9268109925,4222.90265329048,3714.29505944995,3728.6712642465,4252.78397234292,5103.92113996547,5926.83500661988,6927.84231233634,10507.1454660865,8617.55291183431,8302.17434243113,9165.48671951323,8877.72299219367,8654.86209465818,7240.56006051251,8382.65451574502,9483.70640570626,10553.7109939929
Least developed countries: UN classification,LDC,369.97406055604,389.689602747422,299.997330071351,332.760035513826,313.199360647216,334.142875511539,369.077756082546,413.928889618364,476.414723125529,538.361298432206,631.726432121221,1028.07776350662,964.449793360221,958.174398065087,1024.16282643038,1065.22658037951,1097.76355049254,1081.79748199294,1153.75092851568,1265.52540549785,1306.23478492715
Low & middle income,LMY,818.661627615459,762.900985155045,1086.53880276349,1162.75663874146,1146.54808805581,1150.99187863541,1268.97683722015,1466.6203016094,1707.02059798912,1980.79743730656,2398.01440289223,4373.15629137736,4187.84406931518,4176.46750468353,4507.72590697511,4738.20340339937,4791.42088334726,4585.37575872202,5345.67919342272,5551.33514593968,5658.54749596439
Low income,LIC,450.342045899821,487.657602283672,265.241417726584,317.586553973794,292.091682554271,312.02868416744,338.280060678198,384.208003278207,445.817806425398,503.102893955903,595.01309887914,734.426583108791,705.461511003203,633.70146846597,645.984738347678,654.345171301587,676.709800653852,651.453378446489,680.052723595916,763.322724840016,900.963258115436
Lower middle income,LMC,432.015792085122,403.77183295565,539.082828666862,557.8144293004,552.570371841834,571.963511657848,636.907411775998,719.260394131015,813.930174048513,936.479121752834,1125.94158264403,1872.37394400472,1841.84526127088,1891.00255065343,2017.256137593,2076.456710545,2152.16187917576,2057.14629082262,2300.761243364,2423.84146733947,2415.59854513004
Middle East & North Africa,MEA,3113.55875309605,2389.1598626247,2838.69126739223,3112.37412193799,3028.86353301732,2944.47313511223,3206.88593622116,3697.37167350412,4335.68487753999,4977.18911142521,5749.01574596503,8372.74262763338,7228.30889534971,7156.79613508213,7340.26873932877,7732.44296580288,7590.75451796732,6650.85368826242,7801.40393400528,8986.09895923688,8499.84306394222
Middle East & North Africa (excluding high income),MNA,2225.56198986398,1390.33478262841,1590.73449860493,1647.90580225671,1636.04338864997,1549.3508174048,1668.03909053501,1938.07729335777,2223.35002565662,2553.99417126231,3075.06061242127,4312.21641273822,3803.87110555447,3830.71300891916,3768.7597495354,3682.71025533449,3594.10876400589,3175.61706654976,3653.70376970852,4030.08692997644,3797.10418034163
Middle East & North Africa (IDA & IBRD countries),TMN,2223.85032362517,1389.48839274528,1591.66439148343,1649.66631723283,1639.14244474804,1553.43725482924,1672.33598110716,1943.50669070306,2230.53554382217,2564.44639588737,3090.14007372324,4322.94916352776,3809.84668165081,3834.13658237327,3770.44041543684,3684.084605003,3593.38666747385,3174.94415084122,3653.41158751434,4032.80400418252,3802.1797249029
Middle income,MIC,848.790982558516,786.664734494057,1156.91937923283,1236.4254560356,1221.81919160791,1226.22247879312,1353.77755628539,1566.72610202175,1825.52911737642,2121.94174849257,2573.08721674157,4763.02572364617,4565.92744572992,4566.49285052469,4939.46308269855,5202.51034300538,5267.9276273194,5049.55823705701,5906.22674978763,6137.8170764372,6254.08764955685
North America,NAC,23653.5020058697,24094.1306916521,33320.9315858675,35151.3741865271,35831.4544724133,36652.0031278509,38395.5452969729,40788.4830356565,43368.5717044575,45741.25142685,47727.7733811193,54877.6040655634,55702.089462785,56618.0479576143,58796.5168500385,61512.7212012788,63634.786103642,62271.1969150653,69382.1728474769,75686.4898291323,79640.4296229555
Not classified,INX,,,,,,,,,,,,,,,,,,,,,
OECD members,OED,17010.9488795729,17838.9777124401,22687.3786647748,23025.500703002,22648.1438161001,23456.5071141032,26047.3194282837,28793.3649320856,30239.7438405322,31680.2149353876,34439.6562151847,38167.820305509,35784.8705175556,36253.8002803221,37639.2781863476,39573.0447485009,39764.8216112273,38686.327403326,43133.7860734899,44026.85925455,46724.0157104114
Other small states,OSS,3853.99682839028,3997.82754554798,5254.56490158405,5414.34177228679,5324.24587169112,5684.08316798855,6870.21876875993,8042.06114868207,8975.37397552562,9876.14166356476,11624.5888361306,13159.4093952693,11735.6880833152,12174.1574245522,13345.5544904233,14455.7757539518,14425.2470146907,13071.2236222876,15120.1040765783,16066.2729688356,16728.2675733784
Pacific island small states,PSS,1343.27719993773,1404.20976030884,1858.84965021622,1688.38767317609,1639.28206962823,1697.33561681711,1999.39245403568,2272.93160533629,2494.43644460592,2589.16489945306,2821.90373188277,3847.34192203401,3710.01234754574,3844.35513216019,4097.0009326156,4245.78718413539,4170.32118081193,3666.59898132535,3638.30140671833,3892.77833317117,4146.4362061875
Post-demographic dividend,PST,19124.4243628542,20031.3022090958,25546.6357794145,25863.3247780056,25491.5973373962,26457.7324451577,29520.5258687973,32637.935974592,34181.5023075417,35777.594824147,38821.5839576954,43293.4983124527,40778.3409479148,41527.3663304955,43153.6162371414,45562.8677932304,45916.4122663126,44858.1104615819,49980.4043268261,51063.6197488498,54041.539692952
Pre-demographic dividend,PRE,938.863867179801,515.783490370981,447.767412246072,502.708126340942,464.939636150915,519.046330458289,548.762783015462,663.796143031797,802.800968402786,980.679604433525,1153.86052406111,1816.54049000952,1501.73812551821,1300.83530095102,1320.99787807449,1432.1297922805,1469.63291800162,1313.17035996031,1404.30365764781,1567.28039263333,1453.26226755311
Small states,SST,3468.37741576392,3580.61282699231,4989.86333733809,5122.20615403225,5053.81529458813,5368.45611944074,6258.3429210138,7165.83677706502,7958.07276035479,8819.64066944102,10197.6124403674,11677.6587312097,10690.6175098911,10942.7122470745,11875.6287573479,12723.981268455,12739.8388742478,11381.557900564,13092.4975736112,14371.4935939925,15086.0915547842
South Asia,SAS,356.516843388742,310.156259080444,431.853792888842,458.634746392476,460.173372988465,474.00688736178,543.216178349282,619.149505971424,695.545787626643,776.407124569164,961.614177643419,1479.96637029096,1528.46685971348,1663.62030739425,1874.9491911349,1907.38178097978,1952.01340084598,1843.19527438293,2131.30229648282,2239.51630169785,2303.30291008899
South Asia (IDA & IBRD),TSA,356.516843388742,310.156259080444,431.853792888842,458.634746392476,460.173372988465,474.00688736178,543.216178349282,619.149505971424,695.545787626643,776.407124569164,961.614177643419,1479.96637029096,1528.46685971348,1663.62030739425,1874.9491911349,1907.38178097978,1952.01340084598,1843.19527438293,2131.30229648282,2239.51630169785,2303.30291008899
Sub-Saharan Africa,SSF,727.606217404228,756.831628273054,609.214349454611,628.872470754492,586.603926531548,621.725431714769,761.999255064834,920.705390675994,1063.08564448322,1220.10724440216,1374.20119218667,1879.95713710403,1628.91285742916,1446.87390976779,1536.48268492506,1606.1313576289,1611.67363549653,1474.05531054261,1613.8768603775,1688.40108402158,1622.80705094435
Sub-Saharan Africa (excluding high income),SSA,726.948475588604,756.185816260145,608.282577558022,627.981255873972,585.719812696865,620.758666040192,761.062605963884,919.622806859917,1061.93915245774,1218.8814661386,1373.03187525257,1878.73871460579,1627.66404278518,1445.51408493923,1535.06887591976,1604.66374694772,1610.17142040812,1472.99671243066,1612.77003780241,1686.89137493204,1621.26148130945
Sub-Saharan Africa (IDA & IBRD countries),TSS,727.606217404228,756.831628273054,609.214349454612,628.872470754492,586.603926531548,621.725431714769,761.999255064834,920.705390675995,1063.08564448322,1220.10724440216,1374.20119218667,1879.95713710403,1628.91285742916,1446.87390976779,1536.48268492506,1606.1313576289,1611.67363549653,1474.05531054261,1613.8768603775,1688.40108402158,1622.80705094435
Upper middle income,UMC,1188.87333600958,1101.71388519607,1705.36758918995,1844.94204356869,1828.19261503455,1825.09037145691,2016.51743131378,2357.91629918772,2778.81670594858,3249.74093945995,3964.06712375785,7707.02210284114,7359.58786997586,7329.37631094226,7976.99720572276,8473.68198859219,8551.4409621973,8228.64336599657,9770.29069696583,10156.7047182966,10451.3445525827
World,WLD,4337.86251681175,4437.53709213031,5387.44827484486,5494.39887178018,5387.58499837168,5521.93203415049,6112.91840109124,6800.19029919362,7271.02662558709,7780.40962387222,8657.73037849516,10881.3308259095,10142.1434788123,10188.260064838,10731.6554708352,11288.8842617304,11334.8430932207,10916.687666264,12352.73608496,12737.3150340299,13169.5982250473
,,,,,,,,,,,,,,,,,,,,,,
